distrito,barrio,1.5.1. Población en etapas educativas,Hogares monoparentales: un hombre adulto con uno o más menores,Hogares monoparentales: una mujer adulta con uno o más menores,Paro registrado (número de personas registradas en SEPE en febrero),Paro registrado (número de personas registradas en SEPE en febrero) hombres,Paro registrado (número de personas registradas en SEPE en febrero) mujeres,Personas con nacionalidad extranjera,Personas con nacionalidad extranjera hombres,Personas con nacionalidad extranjera mujeres,Población Hombres,Población Mujeres,Población de 0 a 14 años,Población de 15 a 29 años,Población de 30 a 44 años,Población de 45 a 64 años,Población de 65 a 79 años,Población de 65 años y más,Población de 80 años y más,Población densidad (hab./ha.),Población en etapa educativa (Población de 0 a 16 años <16 no incluidos),Población en etapa educativa de 0 a 2 años,Población en etapa educativa de 12 a 15 años,Población en etapa educativa de 3 a 5 años,Población en etapa educativa de 6 a 11 años,Población infantil femenina en etapa educativa de 0 a 2 años,Población infantil femenina en etapa educativa de 12 a 15 años,Población infantil femenina en etapa educativa de 3 a 5 años,Población infantil femenina en etapa educativa de 6 a 11 años,Población infantil masculina en etapa educativa de 0 a 2 años,Población infantil masculina en etapa educativa de 12 a 15 años,Población infantil masculina en etapa educativa de 3 a 5 años,Población infantil masculina en etapa educativa de 6 a 11 años,Población mayor/igual de 25 años con Nivel de estudios desconocido y/o no consta,"Población mayor/igual de 25 años con bachiller elemental, graduado escolar, ESO, formación profesional 1º grado",Población mayor/igual de 25 años con enseñanza primaria incompleta,"Población mayor/igual de 25 años con estudios superiores, licenciatura, arquitectura, ingeniería sup., estudios sup. no universitarios, doctorado,  postgraduado","Población mayor/igual de 25 años con formación profesional 2º grado, bachiller superior o BUP","Población mayor/igual de 25 años con titulación media, diplomatura, arquitectura o ingeniería técnica",Población mayor/igual de 25 años que no sabe leer ni escribir o sin estudios,Porcentaje de envejecimiento (Población mayor de 65 años / Población total),Porcentaje de sobre-envejecimiento (Población mayor de 80 años / Población mayor de 65 años),Primera y segunda nacionalidad extranjera en el Distrito: CHINA (Población total Distrito),Primera y segunda nacionalidad extranjera en el Distrito: COLOMBIA (Población total Distrito),Primera y segunda nacionalidad extranjera en el Distrito: FILIPINAS (Población total Distrito),Primera y segunda nacionalidad extranjera en el Distrito: ITALIA (Población total Distrito),Primera y segunda nacionalidad extranjera en el Distrito: PARAGUAY (Población total Distrito),Primera y segunda nacionalidad extranjera en el Distrito: PERÚ (Población total Distrito),Primera y segunda nacionalidad extranjera en el Distrito: RUMANÍA (Población total Distrito),Primera y segunda nacionalidad extranjera en el Distrito: VENEZUELA (Población total Distrito),Proporción de personas migrantes (Población extranjera menos UE y resto países de OCDE / Población total),Tasa absoluta de paro registrado (febrero),Tasa absoluta de paro registrado hombres,Tasa absoluta de paro registrado mujeres,Índice de dependencia (Población de 0-15 + población 65 años y más / Pob. 16-64)
Arganzuela,Acacias,0.1982100854798921,0.0030482115085536,0.0149300155520995,0.1415864948266473,0.4474358974358974,0.5525641025641026,0.0918711446196024,0.4616532378394509,0.5383467621605491,0.4613363979642095,0.5386636020357906,0.0878095498700232,0.1475714872075523,0.2172116568614037,0.2744287864276918,0.1994527295115611,0.2729710501833306,0.0735257901217676,340.4695360536613,0.0945383899742789,0.1858176555716353,0.2639652677279305,0.1710564399421129,0.3791606367583213,0.197471402769416,0.2661047561709813,0.1607465382299819,0.3756773028296207,0.1750278706800446,0.261984392419175,0.1806020066889632,0.3823857302118171,0.0,0.1621728655819939,0.0633972476155902,0.447212963268539,0.1944160258737335,0.1163327942972179,0.0164681033629253,26.544208361891705,26.61640156992357,,,,0.1405550581915846,,,,0.1002685765443151,0.04737491432488,3.36,3.18,3.53,0.5629
Arganzuela,Atocha,0.0210544432333199,0.0075662042875157,0.0264817150063051,0.0098021419495371,0.4629629629629629,0.5370370370370371,0.1216414264777723,0.4578313253012048,0.5421686746987951,0.4929832503395201,0.5070167496604798,0.1489361702127659,0.191036668175645,0.2598460842009959,0.2969669533725668,0.0792213671344499,0.1032141240380262,0.0239927569035762,30.02582574418921,0.1661385242191036,0.1662125340599455,0.2888283378746594,0.1716621253405994,0.3732970027247956,0.1648351648351648,0.3186813186813186,0.1703296703296703,0.3461538461538461,0.1675675675675675,0.2594594594594595,0.1729729729729729,0.4,0.0,0.2090472926662097,0.0493488690884167,0.4400274160383824,0.2035640849897189,0.0870459218642906,0.0109664153529814,10.063507572056668,23.78640776699029,,,,0.1285140562248996,,,,0.1044176706827309,0.0527601367855398,3.23,2.98,3.49,0.3887
Arganzuela,Chopera,0.1213355516034651,0.0026472534745201,0.0158835208471211,0.1018333635868578,0.4527629233511586,0.5472370766488414,0.1589652448657188,0.4754658385093168,0.5245341614906832,0.4554618590675584,0.5445381409324416,0.1002713967238538,0.1424348163225744,0.2641271687506058,0.2686827566152951,0.1440341184452845,0.2244838615876708,0.0804497431423863,363.4026065516027,0.1025007269555103,0.2170212765957447,0.2018912529550827,0.1952718676122931,0.3858156028368794,0.2079303675048356,0.2098646034816247,0.2011605415860735,0.3810444874274661,0.2257169287696577,0.1942645698427382,0.1896392229417206,0.3903792784458834,0.0,0.2423054070112893,0.0771836007130124,0.3545454545454545,0.2102198455139631,0.0918597742127153,0.023885918003565,22.615521327014218,36.149312377210215,,,,0.0832298136645962,,,,0.1065217391304347,0.0997729067930489,4.05,3.85,4.24,0.4938
Arganzuela,Delicias,0.2135276232000459,0.0042738425009893,0.0173328056984566,0.1208930840442911,0.4234234234234234,0.5765765765765766,0.1426777532665874,0.4705042816365366,0.5294957183634633,0.470231476801779,0.529768523198221,0.1128407291350786,0.1654031470063007,0.2416186529195727,0.2986286599952829,0.1295528825095185,0.1815088109437649,0.0519559284342464,281.3975538067697,0.1254085380235183,0.1671144545943041,0.2702847931219774,0.1786673831273509,0.3839333691563675,0.1526548672566371,0.2820796460176991,0.1786504424778761,0.3866150442477876,0.180773249738767,0.2591431556948798,0.1786833855799373,0.3814002089864158,0.0,0.188726120106228,0.0548273794225991,0.4428595905080099,0.1892401267883149,0.1091407521631114,0.0152060310117364,17.719328016290515,28.65351465236545,,,,0.1096574690770694,,,,0.1029971455756422,0.0846427965382657,3.21,2.81,3.59,0.4357999999999999
Arganzuela,Imperial,0.1349320176696689,0.0029967036260113,0.0138847268005194,0.0876747141041931,0.4244306418219462,0.5755693581780539,0.0990824069172401,0.4723953695458593,0.5276046304541407,0.468063492063492,0.5319365079365079,0.095068783068783,0.1535661375661375,0.2161269841269841,0.2982857142857142,0.1651216931216931,0.2369523809523809,0.0718306878306878,244.1355792084324,0.0995555555555555,0.1717687074829932,0.2810374149659864,0.1743197278911564,0.3728741496598639,0.1709844559585492,0.2936096718480138,0.1683937823834196,0.3670120898100172,0.1725293132328308,0.2688442211055276,0.1800670016750419,0.3785594639865997,0.0,0.1680931744312026,0.0638136511375948,0.4391657638136511,0.2008667388949079,0.1129469122426869,0.0151137594799566,23.70742897476619,30.62895422404168,,,,0.1291184327693677,,,,0.1277827248441674,0.0461884595023822,3.07,2.68,3.44,0.5171
Arganzuela,Legazpi,0.1805404164993402,0.0056951838553918,0.0250092856258511,0.0637139226719912,0.4301994301994302,0.5698005698005698,0.0870178265686373,0.4704861111111111,0.5295138888888888,0.4868690910909909,0.513130908909009,0.1385623530588765,0.1640738332249512,0.22310039517783,0.3437046671001951,0.1032464609074083,0.1305587514381471,0.0273122905307388,141.3290915517851,0.1574208393777199,0.1455354305687956,0.2875754687003495,0.1652367333968859,0.4016523673339688,0.1448598130841121,0.2897196261682243,0.164886515353805,0.4005340453938584,0.1461491813220133,0.2856276531231049,0.165554881746513,0.4026682838083687,0.0,0.1266163793103448,0.0364358836206896,0.5153556034482759,0.181640625,0.1297817887931034,0.0101697198275862,12.04552321482526,21.028428093645484,,,,0.15625,,,,0.0844907407407407,0.0439621311310303,2.43,2.14,2.71,0.3868
Arganzuela,Palos de la Frontera,0.1303998623142676,0.0023665741798596,0.0141994450791578,0.1461245235069885,0.4571428571428571,0.5428571428571428,0.1753005040713454,0.4839637248396372,0.5160362751603628,0.4703942322442092,0.5296057677557907,0.0782328578002761,0.1649409418622488,0.2613130848289615,0.2779567418315692,0.1468783555760086,0.2175563736769443,0.0706780181009357,402.1591610117212,0.0871682773431507,0.1957765068191817,0.2485701715794104,0.1808183018037835,0.3748350197976243,0.2012356575463371,0.2577228596646072,0.1676963812886143,0.3733451015004413,0.1903508771929824,0.2394736842105263,0.193859649122807,0.3763157894736842,0.0,0.1916525092979475,0.0666238119289223,0.4280269984847789,0.1931218145920382,0.09945360209376,0.0211212636025529,21.44241954245832,32.44122965641953,,,,0.0924574209245742,,,,0.0993143109931431,0.1,4.4,4.06,4.74,0.4338
Barajas,Aeropuerto,0.0382034073309241,0.0055710306406685,0.0194986072423398,0.0331288343558282,0.3148148148148148,0.6851851851851852,0.2565418163160595,0.488,0.512,0.5007649158592555,0.4992350841407445,0.1453340132585415,0.1749107598164201,0.2192758796532381,0.3105558388577256,0.0979092299847016,0.1499235084140744,0.0520142784293727,0.6610506018897755,0.1509433962264151,0.1182432432432432,0.2533783783783784,0.1993243243243243,0.429054054054054,0.1148648648648648,0.2364864864864864,0.1959459459459459,0.4527027027027027,0.1216216216216216,0.2702702702702703,0.2027027027027027,0.4054054054054054,0.0,0.4013468013468013,0.1326599326599326,0.1185185185185185,0.2208754208754208,0.0545454545454545,0.072053872053872,15.135967162647512,36.94915254237288,,0.146,,,,,,0.16,0.1734222678296562,3.99,2.41,5.71,0.4352
Barajas,Alameda de Osuna,0.3821631388745483,0.0065453593402277,0.021206964262338,0.1766871165644171,0.4583333333333333,0.5416666666666666,0.0792452830188679,0.4495238095238095,0.5504761904761905,0.4761975973281491,0.5238024026718509,0.1320971038333084,0.1517870494990279,0.1513384178256318,0.2973929514979313,0.1828921788544938,0.2673844773441005,0.0844922984896067,98.75941515285778,0.1475998205473306,0.1212428233704829,0.3147585275244849,0.1421816953731847,0.4218169537318473,0.1228197674418604,0.3125,0.1453488372093023,0.4193313953488372,0.1198738170347003,0.3167192429022082,0.1394321766561514,0.42397476340694,0.0,0.1545678355179985,0.0421851087896733,0.4175926542018763,0.2330161687404351,0.1420586865393572,0.0105795462106593,26.51069182389937,28.316568608844182,,0.0914285714285714,,,,,,0.1034920634920635,0.0357735849056603,2.43,2.3,2.56,0.7067
Barajas,Casco Histórico de Barajas,0.1053175012906556,0.0035992801439712,0.0188962207558488,0.1233128834355828,0.3681592039800995,0.6318407960199005,0.2158688524590163,0.4647630619684083,0.5352369380315918,0.4778868290318672,0.5221131709681328,0.1021446746637586,0.1626075366533381,0.2555434387495456,0.2864412940748818,0.1335272022294923,0.1932630558584757,0.0597358536289834,150.2184200946487,0.0988731370410759,0.1911764705882352,0.2352941176470588,0.1924019607843137,0.3811274509803921,0.1733668341708542,0.2261306532663316,0.1909547738693467,0.4095477386934673,0.208133971291866,0.2440191387559808,0.1937799043062201,0.354066985645933,0.0,0.337037037037037,0.1049919484702093,0.1760064412238325,0.2533011272141707,0.0777777777777777,0.0508856682769726,19.737704918032787,31.295681063122924,,0.1391251518833536,,,,,,0.1136087484811664,0.1180327868852459,3.45,2.62,4.22,0.4376
Barajas,Corralejos,0.1885647909137842,0.0130766436614602,0.0323283690519433,0.0625766871165644,0.392156862745098,0.6078431372549019,0.0790931340976426,0.4657980456026058,0.5342019543973942,0.4925180598555211,0.5074819401444789,0.1558307533539731,0.2067853457172342,0.135577915376677,0.3857069143446852,0.081656346749226,0.1160990712074303,0.0344427244582043,16.590690208667738,0.1884674922600619,0.0958247775496235,0.3744010951403148,0.1348391512662559,0.3949349760438056,0.0960698689956331,0.3813682678311499,0.12372634643377,0.3988355167394469,0.0956072351421188,0.3682170542635659,0.1447028423772609,0.3914728682170542,0.0,0.0980994432712612,0.0353234785947398,0.5325398349011327,0.1672105970435784,0.1530044154348243,0.0138222307544634,10.872085533943062,29.26540284360189,,0.0732899022801303,,,,,,0.0732899022801303,0.027566662372794,1.84,1.48,2.19,0.4222999999999999
Barajas,Timón,0.2857511615900878,0.0076644666808601,0.0347030019161166,0.1834355828220858,0.3846153846153846,0.6153846153846154,0.1135483870967742,0.4637784090909091,0.5362215909090909,0.4746643222506393,0.5253356777493606,0.157368925831202,0.1739929667519181,0.2067615089514066,0.3288842710997442,0.0938299232736572,0.1329923273657289,0.0391624040920716,26.075358452817607,0.1769501278772378,0.1336946702800361,0.2664859981933152,0.1585365853658536,0.4412827461607949,0.12082957619477,0.2687105500450856,0.1677186654643823,0.4427412082957619,0.1466063348416289,0.2642533936651584,0.1493212669683258,0.4398190045248868,0.0,0.2391328765584634,0.062338537571605,0.3118050095473436,0.2398068066943726,0.1154666966191171,0.031450073009098,12.64516129032258,29.400510204081638,,0.0830965909090909,,,,,,0.1498579545454545,0.0615322580645161,3.42,2.75,4.03,0.4388
Carabanchel,Abrantes,0.1305870350456337,0.00317514803055,0.0199948511113018,0.0835431787883276,0.4414893617021276,0.5585106382978723,0.2710330938711713,0.4856382388821115,0.5143617611178884,0.4712579594471668,0.5287420405528331,0.1266469086534229,0.1975410076586754,0.2092197541007658,0.2980134393614836,0.1101851580151999,0.1685788902256521,0.0583937322104521,217.8128595168094,0.1389712139440711,0.1454814189189189,0.3112331081081081,0.1661739864864864,0.3771114864864865,0.1375321336760925,0.3063410454155955,0.1696658097686375,0.3864610111396744,0.1532056619483763,0.3159866777685262,0.1627810158201498,0.3680266444629475,0.0,0.3901907796555479,0.1356431250756261,0.1435082482958899,0.2162303876094058,0.0701004315734279,0.044327027790102,16.7633532718146,35.44916621839699,,0.1707885105911057,,,,0.1145613840523455,,,0.1894857074153115,4.75,4.31,5.17,0.4493
Carabanchel,Buenavista,0.2369095872280585,0.0058360550409594,0.0285377737323981,0.1085765071841208,0.417462482946794,0.582537517053206,0.1811716300940438,0.4882664647993944,0.5117335352006056,0.4837800791958574,0.5162199208041426,0.1441707279926896,0.1918976545842217,0.1866623515077672,0.3421032592141334,0.0852307340846786,0.1351660067011879,0.0499352726165092,93.57941993871589,0.1635699055741699,0.1161545623836126,0.3462523277467411,0.1358240223463687,0.4017690875232774,0.1169112340630262,0.3459225402934808,0.1397642530671157,0.3974019725763772,0.115445321307779,0.3465614430665164,0.1321307779030439,0.4058624577226606,2.714293469409913e-05,0.3387709679170512,0.1002660007600021,0.1912491178546224,0.2397806850876716,0.0942402692579121,0.0356658161880462,13.397335423197491,36.67739105001463,,0.198875310911647,,,,0.0828376770844598,,,0.1082680250783699,3.93,3.35,4.49,0.4332999999999999
Carabanchel,Comillas,0.0685747373645462,0.0019910403185664,0.0172224987555998,0.0545845059991112,0.4287652645861601,0.5712347354138398,0.2287138839171567,0.4894727035587852,0.5105272964412149,0.4645715979839905,0.5354284020160095,0.0961839820422684,0.1595019270678921,0.246622337046292,0.2724153996018805,0.143111261700055,0.225276354241667,0.0821650925416119,354.46629635189913,0.1053322603871077,0.2010454362685967,0.2553277040611178,0.1805388017691998,0.3630880579010856,0.1925311203319502,0.2605809128630705,0.1767634854771784,0.3701244813278008,0.2090483619344773,0.250390015600624,0.1840873634945397,0.3564742589703588,0.0,0.3122678524718807,0.1097044206120847,0.2411195396285639,0.2229662568663353,0.080983520795187,0.0329584096259482,22.54751555441916,36.06123606123606,,0.1354574250046581,,,,0.0980063350102478,,,0.1478735191340663,4.61,4.09,5.1,0.4957999999999999
Carabanchel,Opañel,0.1095210521962114,0.0026398401826484,0.0164811643835616,0.0834691156865649,0.411712511091393,0.5882874889086069,0.2729141441162391,0.4827692942633099,0.51723070573669,0.4645966497685695,0.5354033502314305,0.1013610315186246,0.182058629050033,0.2409080890456248,0.2832819043420763,0.1249448975093674,0.1923903460436411,0.0674454485342737,327.7883139167344,0.1094335463962971,0.1646525679758308,0.2769385699899295,0.1754783484390735,0.3829305135951661,0.1664948453608247,0.2865979381443299,0.1706185567010309,0.3762886597938144,0.1628937007874015,0.2677165354330709,0.1801181102362204,0.389271653543307,3.536443045584751e-05,0.3483042755596421,0.1144392969551225,0.1998443965059942,0.2234678360505004,0.0784736711815256,0.0354351593167592,19.2943429166784,35.09924109748978,,0.1227816756087494,,,,0.1032810565414775,,,0.2013347224959873,4.42,3.78,5.01,0.4384
Carabanchel,Puerta Bonita,0.1474618799459564,0.0023765317489788,0.0226513182324545,0.104058657976596,0.4263345195729537,0.5736654804270462,0.3035921503906754,0.4903592966958294,0.5096407033041706,0.4754563487081628,0.5245436512918372,0.1233836342179928,0.2039068973309563,0.2232154066336907,0.2864890652070204,0.1009867677706078,0.1630049966103397,0.0620182288397318,247.5879646897924,0.1342807643056218,0.1645474943904263,0.2933807030665669,0.1621166791323859,0.3799551234106207,0.1659735349716446,0.28468809073724,0.1595463137996219,0.3897920604914934,0.1631520532741398,0.3018867924528302,0.1646318904920458,0.3703292637809841,0.0,0.3953185063152114,0.1385914332784184,0.1362232289950576,0.2130354200988468,0.0586902800658978,0.0581411312465678,16.276011448905393,38.75158428390368,,0.1401511934086469,,,,0.1226535292618703,,,0.2232794409633583,4.98,4.32,5.62,0.4299
Carabanchel,San Isidro,0.1423608238894863,0.0017259446464895,0.0196017999137027,0.1253888312842541,0.4689899586532782,0.5310100413467218,0.2605964346671723,0.4860365687255526,0.5139634312744473,0.4752021126271167,0.5247978873728834,0.1115615372142046,0.1859436169473464,0.2337325395538465,0.2888415298014779,0.1181171674118001,0.1799207764831244,0.0618036090713243,227.2890012109725,0.1195997127568394,0.1733488282006585,0.2645748595777649,0.178965717606043,0.3831105946155336,0.1657989587505006,0.2671205446535843,0.184221065278334,0.3828594313175811,0.1804201050262565,0.2621905476369092,0.1740435108777194,0.3833458364591148,0.0,0.3509090909090909,0.1338181818181818,0.1865151515151515,0.2047272727272727,0.0697575757575757,0.0542727272727272,18.04475630570833,34.80031529164477,,0.112435186027472,,,,0.1141635586282179,,,0.184927934761995,5.57,5.33,5.8,0.4343999999999999
Carabanchel,Vista Alegre,0.1645848843301072,0.0022742040285899,0.0153779510504656,0.1207969189749666,0.4285714285714285,0.5714285714285714,0.2933623113273383,0.4827703391558485,0.5172296608441515,0.4617489008304836,0.5382510991695164,0.1091157791890571,0.1810454323400097,0.2219638495359062,0.2776551050317538,0.1318026380068392,0.2102198339032731,0.0784171958964338,322.0173672287944,0.1166389838788471,0.162003685709499,0.2829619701792595,0.1722231529569442,0.3828111911542972,0.1527537235885001,0.2826463456875649,0.1853134741946657,0.3792864565292691,0.1706683971447112,0.2832576249188838,0.1599610642439974,0.3861129136924075,0.0,0.3881649003600223,0.1348055372445616,0.1495106739009178,0.2174839004107296,0.0689113128137518,0.0411236752700167,21.22305744422069,36.55580608793687,,0.1386528920002718,,,,0.1069802215727587,,,0.2152413614340119,4.71,4.23,5.14,0.4953
Centro,Cortes,0.0675117924528301,0.002680965147453,0.010053619302949,0.0491071428571428,0.4983164983164983,0.5016835016835017,0.3068659923014949,0.4778296382730455,0.5221703617269545,0.495962677193612,0.5040373228063879,0.0577785752736407,0.1881392427776781,0.2888031580836174,0.288713439799031,0.1274896823972725,0.1765655840660326,0.04907590166876,188.3088359520189,0.0616364615108559,0.2503639010189228,0.2241630276564774,0.1804949053857351,0.3449781659388646,0.2261146496815286,0.2133757961783439,0.2006369426751592,0.3598726114649681,0.2707774798927614,0.2332439678284182,0.163538873994638,0.3324396782841823,0.0,0.1364014128402244,0.0408269270725119,0.5310617078745066,0.1839808851028464,0.0927695823810513,0.0149594847288593,17.321636379912274,28.165374677002585,,,,0.1225204200700116,,,,0.0708868144690781,0.11341867335064,3.5,3.44,3.55,0.3067
Centro,Embajadores,0.3695951257861635,0.002179724449928,0.012625951059017,0.2724867724867725,0.5097087378640777,0.4902912621359223,0.332304272659916,0.5642883686361947,0.4357116313638052,0.5289403024246462,0.4710596975753538,0.0716492035612621,0.1857953283669473,0.3273777077907657,0.2793087436658389,0.0954111400480487,0.1358690166151858,0.040457876567137,479.18158072941856,0.0759291785274463,0.1951608614730125,0.2536559425684658,0.18452539218293,0.3666578037755916,0.1936383928571428,0.2505580357142857,0.1891741071428571,0.3666294642857143,0.196546470289487,0.2564753682072118,0.1802945657694261,0.366683595733875,0.0,0.2117598684210526,0.075125773993808,0.4135061919504644,0.1851538312693498,0.0846555727554179,0.0297987616099071,13.52335871578514,29.782377111550755,,,,0.0979809240678805,,,,0.0782856435030348,0.1891129862111545,4.22,3.9,4.61,0.2701
Centro,Justicia,0.1267688679245283,0.001951319708329,0.0117079182499743,0.0790343915343915,0.5836820083682008,0.4163179916317991,0.290944020492022,0.4965150403521643,0.5034849596478357,0.5050537122294544,0.4949462877705456,0.0623379372387151,0.1961687040270942,0.2862888289146425,0.2967666825422024,0.1086415833201037,0.1584378472773456,0.0497962639572418,255.57208547470924,0.0682648039371328,0.2263565891472868,0.2596899224806202,0.1565891472868217,0.3573643410852713,0.2473282442748091,0.2641221374045801,0.1450381679389313,0.3435114503816794,0.2047244094488189,0.2551181102362205,0.168503937007874,0.3716535433070866,0.0,0.1424965290925154,0.0377382304682569,0.5495393159156885,0.1762589928057553,0.0836173166729774,0.0103496150448062,15.683867869149902,32.22184416468186,,,,0.1247248716067498,,,,0.0763022743947175,0.1065691872565238,3.26,3.64,2.84,0.2915
Centro,Palacio,0.1639150943396226,0.003302456705598,0.0124848973016512,0.1216931216931216,0.5421195652173914,0.4578804347826087,0.2375570260161933,0.4904844290657439,0.509515570934256,0.4871880338319236,0.5128119661680763,0.0620807466355568,0.1733677763426523,0.2626973876088496,0.3029873755260197,0.1392858630890379,0.1988667138869213,0.0595808507978834,163.2832165453432,0.0694971042873213,0.2014388489208633,0.2835731414868105,0.1546762589928057,0.3603117505995203,0.2162162162162162,0.2813267813267813,0.1461916461916461,0.3562653562653562,0.1873536299765808,0.2857142857142857,0.1627634660421545,0.3641686182669789,0.0,0.1618099634545104,0.0539045970378919,0.4813906520484708,0.1867185997307174,0.0957395653010194,0.0204366224273898,19.188722669735327,29.70657528378668,,,,0.1221453287197231,,,,0.0622837370242214,0.0941969422982081,4.17,4.47,3.85,0.3522
Centro,Sol,0.0517885220125786,0.0044258094572559,0.0083857442348008,0.0343915343915343,0.5480769230769231,0.4519230769230769,0.3776158006113331,0.4928393524283935,0.5071606475716065,0.5150384705059454,0.4849615294940546,0.054091862905106,0.2372347866635579,0.2807181161109816,0.2746560969923059,0.1126136628584751,0.1532991373280485,0.0406854744695733,192.6341792050303,0.0614362322219631,0.2030360531309298,0.2732447817836812,0.1631878557874762,0.3605313092979127,0.1939163498098859,0.2737642585551331,0.1330798479087452,0.3992395437262357,0.2121212121212121,0.2727272727272727,0.1931818181818181,0.3219696969696969,0.0,0.1726039016115352,0.0433983601922533,0.4751201583262652,0.2027141645462256,0.0918857789086796,0.0142776364150409,15.400893486950388,26.870229007633583,,,,0.1055417185554171,,,,0.0759651307596513,0.1708205972254878,3.08,3.18,2.97,0.2755
Centro,Universidad,0.2204205974842767,0.0025428413488114,0.0099502487562189,0.1537698412698412,0.5172043010752688,0.4827956989247312,0.2843307017286414,0.4812138728323699,0.5187861271676301,0.4931859390536351,0.5068140609463648,0.0593963853307597,0.1936304614844709,0.3066034976896531,0.2794057436977247,0.1129730362051821,0.1609639117973913,0.0479908755922091,360.6962025316456,0.0655963034450488,0.2032991529201961,0.2795363352652697,0.1711992866696388,0.3459652251448952,0.2067703568161024,0.2772186642268984,0.1665141811527904,0.3494967978042086,0.2,0.2817391304347826,0.1756521739130434,0.3426086956521739,0.0,0.1647850108095123,0.0484197522391132,0.4930853436738616,0.1871246697093442,0.0923098040561408,0.0142754195120277,15.760279400111523,30.74487895716946,,,,0.120458298926507,,,,0.0824731626754748,0.1305432453849088,3.5,3.54,3.46,0.2877
Chamartín,Castilla,0.1223665371241562,0.0055342699020859,0.0137647225769831,0.0808344198174706,0.432258064516129,0.567741935483871,0.1334846765039727,0.4664115646258503,0.5335884353741497,0.4686204191415443,0.5313795808584557,0.1286074530680863,0.1749509666573269,0.2247688428131129,0.244438217988232,0.1516951527038386,0.2272217863947103,0.0755393667694031,82.57067505667885,0.1340916732040793,0.1918094442122858,0.2415378186376932,0.1905557877141663,0.3760969494358546,0.1944209636517329,0.2510566356720203,0.1978021978021978,0.356720202874049,0.1892561983471074,0.2322314049586777,0.1834710743801653,0.3950413223140496,0.0,0.1152863918278,0.0331995622035753,0.5695731484859541,0.168770521707406,0.1010580080262677,0.0121123677489967,22.599318955732123,33.852335509794074,,,,0.0850340136054421,,,,0.0880102040816326,0.0713961407491487,2.72,2.43,2.99,0.5669
Chamartín,Ciudad Jardín,0.1160769073430149,0.0035277516462841,0.016698024459078,0.1045632333767927,0.4189526184538653,0.5810473815461347,0.150993237531699,0.4475157452764171,0.552484254723583,0.4472367049009385,0.5527632950990615,0.1114239532822357,0.1542833307263152,0.2319203295270869,0.2650815996663017,0.1552739976015433,0.2372784150156413,0.082016789196517,251.60697887970613,0.1183524504692387,0.192511013215859,0.2400881057268722,0.1837004405286343,0.3837004405286343,0.1863517060367454,0.2388451443569554,0.1758530183727034,0.3989501312335958,0.1987577639751552,0.2413487133984028,0.191659272404614,0.3682342502218279,0.0,0.1521369755587505,0.0443079336034505,0.5026140373807345,0.1853352502940792,0.1027970199973859,0.0128087831655992,23.75845308537616,34.11162997553925,,,,0.1011196641007697,,,,0.0958712386284114,0.0813081149619611,3.23,2.88,3.54,0.5565
Chamartín,El Viso,0.1233381059521374,0.0052331845467138,0.0116977066338309,0.0464146023468057,0.398876404494382,0.601123595505618,0.1300655457395269,0.3891323400525854,0.6108676599474145,0.4500768049155146,0.5499231950844854,0.1298856460146782,0.1814871707344825,0.1991238550378335,0.2672811059907834,0.1413779370768618,0.2222222222222222,0.0808442851453604,102.83758483501056,0.1372247823860727,0.2060530679933665,0.2524875621890547,0.1782752902155887,0.36318407960199,0.2036423841059602,0.2557947019867549,0.1754966887417218,0.3650662251655629,0.2084717607973422,0.2491694352159468,0.181063122923588,0.3612956810631229,0.0,0.1052553223165103,0.0267976775346136,0.6172398392139348,0.1604883132350751,0.0814351645079648,0.0087836831919011,22.20005699629524,35.66110397946085,,,,0.0867659947414548,,,,0.0385626643295354,0.0622969506982046,1.58,1.37,1.76,0.5611999999999999
Chamartín,Hispanoamérica,0.2284720801799959,0.0037057052420288,0.0165212692040453,0.1249022164276401,0.4342379958246347,0.5657620041753654,0.0956144186918223,0.4217575955570075,0.5782424044429925,0.453720844131803,0.546279155868197,0.1318955942243613,0.1532765642354683,0.1955140071578427,0.2719363198815253,0.1523201283475256,0.2473775145008021,0.0950573861532765,189.26715328467156,0.1378501789460693,0.2056848701880035,0.2441808415398388,0.1768128916741271,0.3733213965980304,0.2014292094685127,0.2474318892362662,0.174631531933899,0.376507369361322,0.2099596231493943,0.2409152086137281,0.1790040376850605,0.3701211305518169,0.0,0.1108204901211218,0.0324735423121805,0.5806204981690878,0.167276970745644,0.100438614140276,0.0083698845116896,24.7985256450303,38.12822773649074,,,,0.110421430904933,,,,0.0597843841881738,0.0459486474667333,2.4,2.22,2.57,0.6328
Chamartín,Nueva España,0.2091429740233176,0.0054769039991732,0.0163273741862147,0.0889178617992177,0.4134897360703812,0.5865102639296188,0.1145230204049035,0.3692468619246862,0.6307531380753139,0.4536941920189648,0.5463058079810351,0.1500592651126037,0.1713551955748715,0.1965231133939154,0.2717107862504939,0.1305017779533781,0.2103516396681153,0.0798498617147372,141.3887492318865,0.1615962070327933,0.1767726161369193,0.265281173594132,0.1767726161369193,0.3811735941320293,0.1781693587860988,0.2726382770435633,0.1708272148800783,0.3783651492902594,0.1753786028334147,0.2579384465070835,0.1827063996091841,0.3839765510503175,0.0,0.094784191924601,0.0228660169219235,0.6317339616579201,0.1528863660704723,0.0913034165149405,0.0064260469101424,21.019845865112007,37.48100303951368,,,,0.0944909344490934,,,,0.0449790794979079,0.0569819909755221,2.13,1.91,2.32,0.5962
Chamartín,Prosperidad,0.2006033953773777,0.0039064812074578,0.014501331754957,0.1783572359843546,0.4269005847953216,0.5730994152046783,0.1307053380590352,0.440695508176361,0.559304491823639,0.4494896729084626,0.5505103270915375,0.0986096600498272,0.1513300650968416,0.2308392938466072,0.2583514157893327,0.1737523105360443,0.2608695652173913,0.0871172546813469,358.898182867032,0.105092555385893,0.1985725210298241,0.2528677032882997,0.1825133826153454,0.3660463930665307,0.2085478887744593,0.2507723995880535,0.1910401647785788,0.3496395468589083,0.1887935386168601,0.2549217566885411,0.1741544674406865,0.3821302372539121,0.0,0.1455379073194694,0.0453905354511216,0.4923857868020304,0.1950548550843294,0.1094809235303749,0.0121499918126739,25.981439896106707,32.687701759866705,,,,0.1132270751397226,,,,0.0875595114883047,0.0711019723492329,2.88,2.61,3.13,0.5771999999999999
Chamberí,Almagro,0.1485535029627047,0.005125815470643,0.0140959925442684,0.0706465067778936,0.4575645756457565,0.5424354243542435,0.180422168867547,0.4319378985306348,0.5680621014693651,0.4415960099750623,0.5584039900249377,0.0961097256857855,0.1808977556109725,0.2140149625935162,0.2621945137157107,0.1586034912718204,0.2467830423940149,0.0881795511221945,213.77545580552297,0.1062842892768079,0.2008446738620366,0.2595025809479118,0.1764429845143125,0.363209760675739,0.2005676442762535,0.2582781456953642,0.1863765373699148,0.3547776726584674,0.2011173184357542,0.260707635009311,0.1666666666666666,0.3715083798882682,0.0,0.128461442940519,0.0327207251955792,0.5816465913324227,0.153607351297653,0.0942505898422948,0.0093132993915311,24.439775910364144,35.24355300859599,,0.069309675630718,,0.119212642084835,,,,,0.0733793517406962,2.08,2.1,2.06,0.5408
Chamberí,Arapiles,0.1658417567096549,0.0030229238391132,0.0136031572760097,0.1253910323253389,0.4573804573804574,0.5426195426195426,0.1536240022461995,0.4365535248041775,0.5634464751958225,0.4480837613591465,0.5519162386408534,0.0885815883050177,0.1954168312919794,0.2342552350849466,0.2460687475306203,0.1514421177400237,0.2356775977874358,0.084235480047412,437.7378069872017,0.0939944685894903,0.1979823455233291,0.2408575031525851,0.1757040773434216,0.3854560739806641,0.2031509121061359,0.24212271973466,0.1766169154228855,0.3781094527363184,0.1926683716965047,0.2395566922421142,0.1747655583972719,0.3930093776641091,0.0,0.1449516176326849,0.0462320398787997,0.5369954061186589,0.1678232821816049,0.0904603655556641,0.0135372886325872,23.81372588343829,34.343944753242376,,0.0887728459530026,,0.118798955613577,,,,,0.071677830813044,2.83,2.74,2.91,0.5005
Chamberí,Gaztambide,0.1490414778668525,0.002606038820992,0.0097951114306254,0.1107924921793535,0.3858823529411764,0.6141176470588235,0.1638975056303913,0.4096448016593207,0.5903551983406793,0.4412465015247086,0.5587534984752913,0.0827937674923764,0.2067337816951418,0.2184719495384101,0.2437445173148419,0.1629976189481599,0.2482559839592297,0.0852583650110698,472.6357354392893,0.0893103304231588,0.1913002806361085,0.2460243217960711,0.1749298409728718,0.3877455565949485,0.1969407265774378,0.2523900573613766,0.1673040152963671,0.3833652007648183,0.1858974358974359,0.2399267399267399,0.1822344322344322,0.3919413919413919,0.0,0.1359022166977418,0.041692562668324,0.5553656515434017,0.1624197223948622,0.0935363579863269,0.0110834887093432,25.00743636595419,33.71282922684792,,0.0544464609800363,,0.0992999740731138,,,,,0.0793354013512939,2.66,2.23,3.03,0.5173
Chamberí,Ríos Rosas,0.2113628441965842,0.0033408437572838,0.0141403154378059,0.113660062565172,0.4220183486238532,0.5779816513761468,0.1498158148850184,0.4325614705180234,0.5674385294819766,0.4400563677998943,0.5599436322001057,0.101215430685221,0.1777699489166813,0.2353355645587458,0.2548881451470847,0.1487405319711115,0.230790910692267,0.0820503787211555,291.0088168956325,0.1068169807997181,0.1942612137203166,0.2516490765171504,0.1734828496042216,0.3806068601583113,0.1974900924702774,0.2569352708058124,0.165785997357992,0.3797886393659181,0.1910408432147562,0.2463768115942029,0.181159420289855,0.3814229249011858,0.0,0.1289939788159803,0.0381927657891267,0.5715290291390146,0.1583527446930075,0.0920318199797828,0.0108996615830879,23.17788427151134,36.24440672735689,,0.0658868465027452,,0.1699689663404153,,,,,0.0672341034260782,2.31,2.12,2.47,0.5156000000000001
Chamberí,Trafalgar,0.1695364238410596,0.0042935517213961,0.014788900373698,0.1238269030239833,0.391578947368421,0.608421052631579,0.1891977258370183,0.457220367278798,0.542779632721202,0.4511627906976744,0.5488372093023256,0.0872386163767832,0.1807308970099667,0.2643736564393199,0.2567910885284346,0.1435606800859878,0.2108657416454954,0.0673050615595075,418.1238764504004,0.0950556966972835,0.2060032894736842,0.2475328947368421,0.1825657894736842,0.3638980263157895,0.1988205560235889,0.2611625947767481,0.1735467565290648,0.3664700926705981,0.2128514056224899,0.2345381526104417,0.1911646586345381,0.3614457831325301,0.0,0.1324563501554652,0.0397990911265247,0.5619708203779,0.1651757952642908,0.0895001195886151,0.011097823487204,21.043903979785217,30.544090056285174,,0.0734557595993322,,0.1329298831385642,,,,,0.0775426405559065,2.66,2.24,3.03,0.4418999999999999
Chamberí,Vallehermoso,0.1556639944231439,0.0035239286120268,0.0119358872342844,0.0758602711157455,0.3676975945017182,0.6323024054982818,0.0994663504298843,0.4088425235966219,0.591157476403378,0.4369461486025903,0.5630538513974097,0.1025903203817314,0.1794721978771058,0.1910604732690622,0.254747297692083,0.1679813029506281,0.2721297107800175,0.1041484078293894,192.0875420875421,0.1087252897068848,0.1889834303627407,0.2682489923869234,0.1876399462606359,0.3551276309896999,0.194107452339688,0.2824956672443674,0.1741767764298093,0.3492201039861352,0.1835032437442076,0.253012048192771,0.2020389249304912,0.3614457831325301,0.0,0.107972495818621,0.0302917673294926,0.5909682215201635,0.1627330731586446,0.0999194697392058,0.0081149724338722,27.27542247257634,37.6268115942029,,0.0735221063089915,,0.1132637853949329,,,,,0.0462496294100207,2.28,1.8,2.7,0.621
Ciudad Lineal,Atalaya,0.0096557991593774,0.0078988941548183,0.0236966824644549,0.0038601522002867,0.4285714285714285,0.5714285714285714,0.1297846889952153,0.4193548387096774,0.5806451612903226,0.4310141509433962,0.5689858490566038,0.1397405660377358,0.1645047169811321,0.1656839622641509,0.2959905660377358,0.1521226415094339,0.2340801886792453,0.0819575471698113,68.13981518682202,0.1503537735849056,0.188235294117647,0.2509803921568627,0.1529411764705882,0.4078431372549019,0.1846153846153846,0.2538461538461538,0.1076923076923077,0.4538461538461538,0.192,0.248,0.2,0.36,0.0,0.1050955414012738,0.0238853503184713,0.5828025477707006,0.1735668789808917,0.1114649681528662,0.0031847133757961,23.145933014354068,30.49095607235142,,0.0691244239631336,,,,,,0.0691244239631336,0.0616028708133971,3.36,3.25,3.44,0.6233
Ciudad Lineal,Colina,0.0360483168616759,0.0062608695652173,0.0264347826086956,0.0144479982353589,0.366412213740458,0.6335877862595419,0.1333333333333333,0.4526431718061674,0.5473568281938326,0.4527513684817055,0.5472486315182944,0.1251800633823105,0.1640737539613944,0.193171996542783,0.2991933160472486,0.1361279170267934,0.2183808700662633,0.0822529530394698,124.03073074861533,0.1371362719677326,0.1628151260504201,0.2951680672268907,0.1607142857142857,0.3813025210084033,0.1569037656903765,0.2928870292887029,0.1736401673640167,0.3765690376569037,0.1687763713080168,0.2974683544303797,0.1476793248945147,0.3860759493670886,0.0,0.1293826219512195,0.0348704268292682,0.5301067073170732,0.1720655487804878,0.1187118902439024,0.0148628048780487,22.378854625550662,36.351706036745405,,0.0726872246696035,,,,,,0.1288546255506608,0.068575624082232,2.91,2.33,3.41,0.5713
Ciudad Lineal,Costillares,0.1161346510659245,0.0057333970377448,0.0174390826564739,0.0376089114370795,0.3870967741935484,0.6129032258064516,0.0698717373755493,0.4114249037227214,0.5885750962772786,0.4696275199145565,0.5303724800854435,0.1226024653998486,0.1864180499310222,0.1594054559209648,0.2877931556228027,0.1601619865604557,0.2437808731253615,0.0836188865649058,157.44815022421523,0.1364870277246228,0.1545484186501467,0.2967068796869905,0.1574828822954026,0.3912618193674601,0.1342465753424657,0.3150684931506849,0.1602739726027397,0.3904109589041096,0.1729931549471064,0.2800248911014312,0.1549471064094586,0.3920348475420037,0.0,0.1061298076923076,0.0299879807692307,0.5673076923076923,0.1713341346153846,0.1103966346153846,0.01484375,23.906901654782725,32.901894578878256,,0.0738125802310654,,,,,,0.0770218228498074,0.035741513072335,2.43,1.96,2.85,0.6041
Ciudad Lineal,La Concepción,0.0916354273164451,0.0043663688058489,0.0178716490658001,0.0523877798610345,0.4294736842105263,0.5705263157894737,0.1804538305998652,0.4628984063745019,0.537101593625498,0.4575793598379782,0.5424206401620217,0.0998547087570994,0.1573988464755866,0.2268304495223,0.2854752784748822,0.1454673534979967,0.2304407167701316,0.0849733632721349,256.3833389773112,0.1065469114603971,0.1739669421487603,0.2756198347107438,0.1665289256198347,0.3838842975206611,0.1835334476843911,0.2701543739279588,0.1612349914236706,0.3850771869639794,0.1650717703349282,0.2807017543859649,0.1714513556618819,0.3827751196172249,0.0,0.2327857972457275,0.0738897184890216,0.3438416016813229,0.2275316630717327,0.1025385764061722,0.0194126431060228,23.225197699496764,37.91835945057071,,0.1142928286852589,,,,,,0.1205179282868526,0.111430625449317,3.14,2.81,3.45,0.5174
Ciudad Lineal,Pueblo Nuevo,0.2822143966072172,0.0031764705882352,0.0147450980392156,0.2063527076210433,0.4227685729556387,0.5772314270443613,0.2294835595227252,0.4752265661176159,0.5247734338823841,0.4670364075498703,0.5329635924501297,0.1023496436771327,0.177505441750902,0.2236932343381936,0.2844470286549184,0.13677430897218,0.2120046515788532,0.0752303426066732,289.21179717143843,0.111116080746638,0.1610089896685898,0.2856567825036898,0.1647658660941902,0.3885683617335301,0.1553829078801331,0.2905105438401776,0.1703662597114317,0.3837402885682575,0.1662769550532606,0.2811119771369186,0.1595219537542218,0.3930891140555989,0.0,0.3264982418590429,0.1168972634153799,0.2049763033175355,0.2314439688121082,0.0814095704020791,0.0387746521938541,21.12214227160944,35.55411815437689,,0.1187404908381292,,,,,,0.1222464774756896,0.1624009472629565,4.1,3.59,4.57,0.4800999999999999
Ciudad Lineal,Quintana,0.1067060471808853,0.0030265266156311,0.0143314936799003,0.0826072570861365,0.4539385847797063,0.5460614152202937,0.2430493273542601,0.4770910209102091,0.522908979089791,0.4551643364321792,0.5448356635678208,0.0965522289729888,0.1697899128907107,0.2495424932288998,0.2798477417465778,0.1301515262425883,0.2042676231608227,0.0741160969182343,377.8453879131517,0.1031403264768318,0.1756564939673527,0.2636621717530163,0.1639460610361958,0.396735273243435,0.1723886048210372,0.2571219868517165,0.1650840029218407,0.4054054054054054,0.178743961352657,0.2698412698412698,0.1628709454796411,0.388543823326432,0.0,0.2830024301893714,0.086890733183548,0.2813058828923839,0.2313723692053739,0.0909257645925993,0.0265028199367233,20.435692399671176,37.70341927226184,,0.1328413284132841,,,,,,0.131150061500615,0.1606755847843958,3.94,3.75,4.11,0.4486
Ciudad Lineal,San Juan Bautista,0.071415047900337,0.0052810260279139,0.0211241041116559,0.0244843939561045,0.4459459459459459,0.5540540540540541,0.1236280487804878,0.4605425400739827,0.5394574599260172,0.4670259749981286,0.5329740250018714,0.1321955236170372,0.1667040946178606,0.1892357212366195,0.2919380193128228,0.1413279437083614,0.2199266412156598,0.0785986975072984,132.1626434507321,0.1411782319035856,0.1463414634146341,0.2863202545068929,0.1569459172852598,0.4103923647932131,0.1449893390191897,0.279317697228145,0.162046908315565,0.4136460554371002,0.1476793248945147,0.2932489451476793,0.1518987341772152,0.4071729957805907,0.0,0.1134517002708396,0.037215367639683,0.5522118567559434,0.1767479185474972,0.1091383288193399,0.0112348279666967,21.996951219512194,34.303534303534306,,0.0585696670776818,,,,,,0.0511713933415536,0.0566310975609756,2.6,2.4,2.79,0.5716
Ciudad Lineal,San Pascual,0.0817902987617857,0.0030384054448225,0.0145843461351482,0.044336605271865,0.4353233830845771,0.5646766169154229,0.1226668068773332,0.4436348049721388,0.5563651950278611,0.4576604554865424,0.5423395445134576,0.1042443064182194,0.1487577639751552,0.2013457556935818,0.2785714285714286,0.1770186335403726,0.2670807453416149,0.0900621118012422,183.5280706754061,0.1118012422360248,0.1708333333333333,0.2851851851851852,0.1643518518518518,0.3796296296296296,0.1789473684210526,0.2842105263157894,0.1665071770334928,0.3703349282296651,0.1632286995515695,0.2860986547085202,0.1623318385650224,0.3883408071748879,0.0,0.2020765736534717,0.0785853341985723,0.3752757949383517,0.2112264763140817,0.1040882543802725,0.0287475665152498,26.631263473368737,33.563672260612044,,0.0887269609944277,,,,,,0.1200171453064723,0.0730848099269151,3.34,3.05,3.61,0.6126
Ciudad Lineal,Ventas,0.2044000151463516,0.0024972253052164,0.0139659637439881,0.1598103010918716,0.4527260179434092,0.5472739820565907,0.2183329184458954,0.4598316084897386,0.5401683915102613,0.4598518184211516,0.5401481815788484,0.093798187220279,0.1694121629245176,0.2393659031930497,0.2804731279852571,0.130072586407913,0.2169506186768964,0.0868780322689834,166.28517823639774,0.1015081424649291,0.1754353464246017,0.2701000370507595,0.1711745090774361,0.3832901074472026,0.1753590325018896,0.2679516250944822,0.1749811035525321,0.381708238851096,0.1755087209302325,0.2721656976744186,0.1675145348837209,0.3848110465116279,0.0,0.3122732626619552,0.1074440518256772,0.2333568904593639,0.2307420494699646,0.0820259128386336,0.0341578327444051,21.70116615284453,41.224741904173655,,0.1169093141554113,,,,,,0.1357656551482196,0.1497233019933745,3.97,3.75,4.17,0.4714
Fuencarral-El Pardo,El Goloso,0.1258160376254767,0.0188193662538201,0.055171304487695,0.037348401323043,0.4095940959409594,0.5904059040590406,0.0694564940035723,0.4753857457751653,0.5246142542248347,0.4936288088642659,0.506371191135734,0.2380256862251322,0.1702341979350289,0.1781415260639637,0.3174011583983883,0.0566607907328128,0.0961974313774867,0.0395366406446738,7.49440420335861,0.2708133971291866,0.1378091872791519,0.3010972661335317,0.1528733494513669,0.4082201971359494,0.1353441608662026,0.3047177107501933,0.154292343387471,0.405645784996133,0.1400931565747044,0.2977427445360086,0.1515585811537083,0.4106055177355786,0.0,0.0978126289723483,0.0356582748658687,0.5791167973586463,0.1448617416425918,0.1242261659100288,0.0183243912505158,9.195754235558278,43.39622641509434,,0.0345334313005143,,,,,,0.0580455547391623,0.0283731373749744,2.1,1.74,2.47,0.5782
Fuencarral-El Pardo,El Pardo,0.0096169595432529,0.0073046018991964,0.0197224251278305,0.0085446527012127,0.4193548387096774,0.5806451612903226,0.0578201792425556,0.44,0.56,0.5012972038051312,0.4987027961948688,0.1089651196310175,0.1524935139809743,0.1916978956471605,0.2995099452291727,0.1461516287114442,0.2473335255116748,0.1011818968002306,0.1849310759907326,0.1184779475353127,0.1484184914841849,0.2846715328467153,0.1727493917274939,0.3941605839416058,0.1813725490196078,0.2401960784313725,0.1764705882352941,0.4019607843137255,0.1159420289855072,0.3285024154589372,0.1690821256038647,0.3864734299516908,0.0,0.2760100107257776,0.1079728280300321,0.2166607079013228,0.2763675366464068,0.0883089023954236,0.0346800143010368,24.566473988439306,41.52941176470589,,0.11,,,,,,0.05,0.0329479768786127,2.77,2.11,3.58,0.5734
Fuencarral-El Pardo,Fuentelarreina,0.0149753141306128,0.0074937552039966,0.0149875104079933,0.0050992282249173,0.4594594594594595,0.5405405405405406,0.0777587192681532,0.3308823529411764,0.6691176470588235,0.4532089341249646,0.5467910658750353,0.1704834605597964,0.1651116765620582,0.1433418150975403,0.2685891998869098,0.15973989256432,0.2524738478936952,0.0927339553293751,25.582236366266457,0.1809443030817076,0.1421875,0.2921875,0.1671875,0.3984375,0.1479099678456591,0.2861736334405145,0.180064308681672,0.3858520900321543,0.1367781155015197,0.2978723404255319,0.155015197568389,0.4103343465045592,0.0,0.0986138613861386,0.0261386138613861,0.6213861386138614,0.1544554455445544,0.0891089108910891,0.0102970297029702,25.50028587764437,36.210762331838566,,0.0698529411764705,,,,,,0.0183823529411764,0.0397369925671812,1.85,1.9,1.82,0.7792
Fuencarral-El Pardo,La Paz,0.0871844069541615,0.0038404263657026,0.0118347832902265,0.0571940463065049,0.436144578313253,0.563855421686747,0.0622700429768419,0.4419066534260178,0.5580933465739821,0.4632177865734871,0.5367822134265129,0.1062803426203655,0.1196697486007607,0.1680014842759516,0.2330313244070626,0.2668913695537895,0.3730171000958595,0.1061257305420699,150.07889363281976,0.1152169207458486,0.1618357487922705,0.2587224906065485,0.178743961352657,0.4006977992485239,0.1590909090909091,0.2494456762749445,0.1812638580931264,0.4101995565410199,0.1644120707596253,0.2674297606659729,0.1763787721123829,0.3917793964620187,0.0,0.1632391713747646,0.0579661016949152,0.4411299435028248,0.1990960451977401,0.1251977401129943,0.0133709981167608,36.80549114182358,25.798051075268816,,0.0710029791459781,,,,,,0.0819265143992055,0.035309031320533,2.49,2.28,2.68,0.9352
Fuencarral-El Pardo,Mirasierra,0.1884783676907597,0.0090680100755667,0.026784214945424,0.0720782800441014,0.4474187380497132,0.5525812619502868,0.055165469192249,0.42081894425259,0.57918105574741,0.4813877942272872,0.5186122057727127,0.2029236340398338,0.1798913622323996,0.1657524763020555,0.2846948556821813,0.1198476941101288,0.1667376717435296,0.0468899776334007,53.70666971742364,0.2144797102992864,0.1631284916201117,0.2609559279950341,0.1844816883923029,0.3914338919925512,0.1553571428571428,0.2535714285714285,0.1908163265306122,0.4002551020408163,0.1704957678355501,0.267956469165659,0.1784764207980653,0.3830713422007255,0.0,0.1021939482913302,0.0309110186771062,0.5848625723839818,0.1621808987847647,0.1063126988010765,0.0135388630617404,16.171347703026345,26.94378996970717,,0.0429205722742969,,,,,,0.0656142081894425,0.0250653167864141,2.26,2.1,2.4,0.6153
Fuencarral-El Pardo,Peñagrande,0.1352926035987551,0.0056840565028983,0.0204288367381394,0.1113561190738699,0.4405940594059406,0.5594059405940595,0.0926768352510926,0.4436958614051973,0.5563041385948027,0.4671074380165289,0.5328925619834711,0.1183471074380165,0.1451019283746556,0.1825674931129476,0.2739173553719008,0.1958567493112947,0.2800661157024793,0.0842093663911845,157.1537422505455,0.127426997245179,0.1591144932549291,0.2786233137322725,0.1698374264960221,0.3924247665167762,0.1523673905304378,0.2748309006763973,0.1776432894268423,0.3951584193663225,0.1654894046417759,0.2822065253952237,0.1624621594349142,0.3898419105280861,0.0,0.2263373323923782,0.0835568101623147,0.3563585038814396,0.200395201129146,0.1036273817925194,0.0297247706422018,27.711622513602716,28.928945039027923,,0.0955245428296438,,,,,,0.1012993262752646,0.0571536883418071,3.0,2.75,3.22,0.6836
Fuencarral-El Pardo,Pilar,0.1147015466691625,0.0026197419801295,0.0156690227868123,0.1411245865490628,0.431640625,0.568359375,0.1493887372966933,0.4521789155760103,0.5478210844239897,0.4568828358683892,0.5431171641316108,0.0978595218396656,0.1418358471753749,0.2160207047243259,0.266912747406606,0.1636012643458707,0.2773711788540274,0.1137699145081567,345.79665492957747,0.1039903264812575,0.1750305997552019,0.2613219094247246,0.1756425948592411,0.3880048959608323,0.1864762704745905,0.246955060898782,0.1797564048719025,0.3868122637547249,0.1642205474018246,0.2748909163030543,0.1717572391907973,0.3891312971043237,0.0,0.2725924383960865,0.1125133355884572,0.2791496448179855,0.2088938617262106,0.0897192370742369,0.0371314823970232,28.072964785252346,39.39231593448645,,0.1156335394793614,,,,,,0.151445419243492,0.1010463442408095,3.5,3.14,3.83,0.6288
Fuencarral-El Pardo,Valverde,0.3239347637878185,0.0100424559111691,0.0331890920966688,0.2049338478500551,0.4196368527236045,0.5803631472763954,0.1600891294919918,0.4700607192900514,0.5299392807099487,0.479120556980579,0.520879443019421,0.1829681201905459,0.1776474899230487,0.2098204470502015,0.3071894466837669,0.0830780505679736,0.1223744961524367,0.0392964455844631,75.96423640493475,0.2029168193477464,0.138760473851488,0.3009245882692863,0.1557353366079167,0.4045796012713089,0.1348669373026612,0.307773267177868,0.1545632235754022,0.4027965719440685,0.1423606283887112,0.2945919644098429,0.1568191297094397,0.4062282774920061,0.0,0.2079730924300899,0.0637545546667816,0.4057049222742071,0.1907246501800306,0.1059701170738017,0.0258726633750889,12.113055181695827,32.81481481481482,,0.1008874357776739,,,,,,0.1204110228865016,0.1010019440705847,3.19,2.77,3.59,0.4884
Hortaleza,Apóstol Santiago,0.0545048143053645,0.0051214273913761,0.0175119775318024,0.0615779345734445,0.4270833333333333,0.5729166666666666,0.1307915667213735,0.4628378378378378,0.5371621621621622,0.4783151326053042,0.5216848673946958,0.1067082683307332,0.1769734789391575,0.1857098283931357,0.3107644305772231,0.1440873634945398,0.2198439937597504,0.0757566302652106,132.9765164716621,0.1186895475819032,0.1572029442691903,0.2912723449001052,0.1645636172450052,0.3869610935856992,0.1663066954643628,0.3164146868250539,0.1652267818574514,0.3520518358531317,0.1485655737704918,0.2674180327868852,0.1639344262295081,0.4200819672131147,0.0,0.2589177384130065,0.0781363746663431,0.2898163876081857,0.2427404351694572,0.090269352099005,0.0401197120440022,21.815427345032194,33.91203703703704,,,,0.0444015444015444,,,,0.1274131274131274,0.0855321297815932,3.6,3.08,4.11,0.5111
Hortaleza,Canillas,0.1331384685923888,0.0030767374517374,0.0177968146718146,0.1311738293778062,0.4364303178484107,0.5635696821515892,0.1254945598417408,0.4567487684729064,0.5432512315270936,0.4645833333333333,0.5354166666666667,0.1041421568627451,0.1467647058823529,0.186421568627451,0.2836764705882353,0.1783333333333333,0.2789950980392157,0.1006617647058823,161.74430128840436,0.1138725490196078,0.1450710288420146,0.2978906586310805,0.1711149375807145,0.3859233749461903,0.1445190156599552,0.2921700223713646,0.1718120805369127,0.3914988814317673,0.145582745748652,0.3031936955620075,0.170468685192866,0.3807548734964744,0.0,0.244977695739117,0.1109060144593139,0.2963236425165359,0.221227503461006,0.0916474388555606,0.0349177049684663,27.77695351137488,34.825959227276776,,,,0.056551724137931,,,,0.1142857142857142,0.0718595450049456,3.29,2.98,3.57,0.6465000000000001
Hortaleza,Palomas,0.0357634112792297,0.0079831932773109,0.0252100840336134,0.0161962796664528,0.396039603960396,0.6039603960396039,0.110287831290966,0.4612403100775193,0.5387596899224806,0.4895555867096593,0.5104444132903406,0.1556147483527267,0.2027197532594981,0.134585728305061,0.3259498107388195,0.1299593438945745,0.1811299593438946,0.05117061544932,66.73839820359282,0.1749614467965792,0.0833333333333333,0.3725961538461538,0.1434294871794871,0.4006410256410256,0.0729166666666666,0.3697916666666667,0.1545138888888889,0.4027777777777778,0.0922619047619047,0.375,0.1339285714285714,0.3988095238095238,0.0,0.0915492957746478,0.0219552609776304,0.5861640430820215,0.1785418392709196,0.1153686826843413,0.0064208782104391,17.269877457965233,25.99009900990099,,,,0.0775193798449612,,,,0.041343669250646,0.0420347677400968,2.18,1.77,2.56,0.5397
Hortaleza,Pinar del Rey,0.1760946813388354,0.0027559410861118,0.0208276859130749,0.2132777421423989,0.4458646616541353,0.5541353383458647,0.1513514527413576,0.4608997397447019,0.539100260255298,0.461164689797879,0.5388353102021209,0.103351439234379,0.1542696670731256,0.203118649078077,0.2800317777038761,0.1590363226545467,0.2592284669105421,0.1001921442559952,203.11468027619333,0.1135313897202823,0.1632221318144833,0.27860048820179,0.1586655817737998,0.3995117982099267,0.1622073578595317,0.2769230769230769,0.1608695652173913,0.4,0.1641838351822504,0.2801901743264659,0.1565768621236133,0.3990491283676703,0.0,0.2962442962442962,0.1173979173979174,0.242073242073242,0.2185094185094185,0.084076284076284,0.0416988416988417,26.09119726895879,37.49820273184759,,,,0.0653116867021935,,,,0.1516916594373528,0.095230056459025,3.89,3.63,4.13,0.603
Hortaleza,Piovera,0.0745071068317285,0.006638846737481,0.0202959028831562,0.0331943553559974,0.429951690821256,0.5700483091787439,0.1864121643481074,0.4776119402985074,0.5223880597014925,0.4831712311236242,0.5168287688763757,0.1478756078832864,0.1995776810852316,0.1564499616073713,0.3181469157921679,0.1334143844381878,0.1779498336319426,0.0445354491937548,49.77704166135814,0.166368057332992,0.1234615384615384,0.3153846153846154,0.1503846153846154,0.4107692307692308,0.1292181069958847,0.3226337448559671,0.145679012345679,0.4024691358024691,0.1184115523465704,0.3090252707581227,0.1545126353790613,0.4180505415162455,0.0,0.0962308812818645,0.0252184996358339,0.594136926438456,0.1708849235251274,0.104060451565914,0.009468317552804,16.74538984147525,24.49768160741885,,,,0.0725442554668517,,,,0.0256855258590767,0.04969265609835,2.0,1.81,2.18,0.5053
Hortaleza,Valdefuentes,0.525991517652453,0.0130018068976353,0.0391625422264121,0.1895445798588839,0.4120135363790186,0.5879864636209814,0.1265711980085621,0.4501837043440674,0.5498162956559326,0.488612536100964,0.511387463899036,0.2288834087222566,0.1534637144100542,0.2273009007108098,0.3041976025003626,0.0658982711099974,0.0861543736565166,0.0202561025465191,44.53900959160779,0.2420577879175513,0.1543448651593571,0.2542631435576137,0.1824026150912558,0.4089893761917733,0.1516054286660046,0.254551473022178,0.184045018205892,0.4097980801059251,0.1570167886353853,0.2539819199311235,0.1808006887645286,0.4082006026689626,0.0,0.1063412189672812,0.0241162591610465,0.5557805942413296,0.1679994988829265,0.1359488860585054,0.0098135426889106,8.18721448696556,23.404610758436352,,,,0.1410200994164685,,,,0.1202723146747352,0.059455097518943,2.31,1.95,2.66,0.4991
Latina,Aluche,0.2679147165886635,0.0018728615162974,0.0161354222942553,0.1580768207220793,0.4478114478114478,0.5521885521885522,0.2122455489184016,0.4720267777853678,0.5279732222146322,0.4589790271944034,0.5410209728055966,0.1016385452356035,0.1560416875725733,0.1974998924839084,0.2694353254870479,0.154264088191866,0.2753845492208667,0.1211204610290006,244.77858095304933,0.1107845807589202,0.1644668737060041,0.2826086956521739,0.1662784679089027,0.3866459627329192,0.161050676572035,0.2937118599097904,0.1637039002387901,0.3815335632793844,0.167719120990149,0.2720383935337206,0.168729477140692,0.3915130083354382,0.0,0.3290084578009717,0.1390678423609861,0.18393017815368,0.2244196508907684,0.0843620658628756,0.039211804930718,27.91237150769141,41.76189486806565,,0.1129175490129107,,,,0.1168795682765216,,,0.1473475127948617,4.13,3.86,4.38,0.6425
Latina,Campamento,0.0884728722482232,0.0025763235862424,0.0158443900553909,0.0494988024483278,0.4336917562724014,0.5663082437275986,0.2614148065656321,0.4454528616410446,0.5545471383589554,0.4621323355278738,0.5378676644721262,0.1133424904087529,0.1795102543456638,0.2189646189551461,0.2671813574574906,0.1260360915076019,0.2210012788329465,0.0949651873253445,22.97038536022804,0.1208733955382939,0.1845611285266457,0.2695924764890282,0.1724137931034483,0.3734326018808777,0.1844426623897353,0.2750601443464314,0.1756214915797915,0.3648757016840417,0.1846743295019157,0.264367816091954,0.1693486590038314,0.3816091954022989,0.0,0.3314790778169231,0.1221954385314296,0.1981581061870325,0.2282588540700908,0.0827616045491068,0.0371469188454169,22.394345742363363,43.125810635538265,,0.1139099833302463,,,,0.0929801815150953,,,0.1855545335721547,4.0,3.67,4.3,0.5325
Latina,Cuatro Vientos,0.0426417056682267,0.0098039215686274,0.0392156862745098,0.0212898075046571,0.3583333333333333,0.6416666666666667,0.1287205859435873,0.4757869249394673,0.5242130750605327,0.4986494597839135,0.5013505402160864,0.1620648259303721,0.1853241296518607,0.2069327731092436,0.3640456182472989,0.0630252100840336,0.0816326530612244,0.0186074429771908,12.27233384283899,0.1845738295318127,0.1113821138211382,0.3113821138211382,0.1382113821138211,0.4390243902439024,0.1187290969899665,0.3160535117056856,0.1454849498327759,0.4197324414715719,0.1044303797468354,0.3069620253164557,0.1313291139240506,0.4572784810126582,0.0,0.266330556773345,0.0591845681718544,0.2713722051731697,0.2492327926348093,0.1345900920648838,0.0192897851819377,7.745052205080255,19.919517102615693,,0.2639225181598063,,,,0.0399515738498789,,,0.068879538725261,4.84,3.48,6.2,0.3682
Latina,Los Cármenes,0.0795978505806899,0.0027073240239384,0.0202336848104873,0.0627162246074691,0.42998585572843,0.57001414427157,0.205666829506595,0.4898390076537345,0.5101609923462656,0.4736,0.5264,0.11216,0.1965333333333333,0.2113066666666666,0.3064533333333333,0.11824,0.1735466666666666,0.0553066666666666,145.1238390092879,0.1224533333333333,0.1572299651567944,0.2939895470383275,0.1794425087108014,0.3693379790940767,0.1557093425605536,0.2993079584775086,0.1842560553633218,0.3607266435986159,0.1587719298245614,0.2885964912280702,0.1745614035087719,0.3780701754385965,0.0,0.326262197708952,0.1266440390326686,0.2011030971574035,0.2169424409560175,0.0728326969311271,0.0562155282138311,17.168756445747164,33.25956370534303,,0.1018738453417788,,,,0.092108735814199,,,0.1494870542256961,5.33,4.7,5.92,0.4211
Latina,Lucero,0.1534408042988386,0.0025520483546004,0.0169912693082605,0.0956267187084183,0.4656771799628942,0.5343228200371057,0.2274374868669888,0.4754590599376371,0.5245409400623628,0.4699438057431561,0.5300561942568438,0.1050447245637099,0.1878173897352615,0.2095996700435645,0.2871652102183383,0.1263114479416389,0.2103675826158684,0.0840615574974866,231.0541989279333,0.1140898077022219,0.158382286488929,0.2842295526434704,0.167193854496159,0.3901943063714415,0.1624129930394431,0.2839907192575406,0.1563805104408352,0.397215777262181,0.154557463672391,0.2844561867018934,0.1774548656979304,0.3835314839277851,0.0,0.3205956165300317,0.1227036975071105,0.2076292454408566,0.2262338966036473,0.0773297640957001,0.0455077798226535,21.13364152132801,40.790454884414615,,0.093544289178889,,,,0.1188358932902182,,,0.1703876864887581,4.09,3.92,4.26,0.4871999999999999
Latina,Puerta del Ángel,0.1643959091697001,0.0023888658080598,0.0156834233485666,0.1269404772465182,0.4409503843466107,0.5590496156533893,0.2528728055720343,0.4744113302632722,0.5255886697367278,0.4678446147849812,0.5321553852150188,0.0957948984452817,0.1870209172404833,0.2496427179420553,0.2784634706162574,0.1223636914815296,0.1890779957559222,0.0667143042743926,335.7958263651567,0.1026806981074877,0.171868409953606,0.2650780261493041,0.1811471952762547,0.3819063686208351,0.1780821917808219,0.2607158638974812,0.1878038002651347,0.3733981440565621,0.1661960467930617,0.2690601048810004,0.1750705929810407,0.3896732553448971,0.0,0.2963124829281617,0.1063370663753073,0.2595192570335973,0.2209778748975689,0.0806883365200764,0.0361649822452881,18.946235141607893,36.11272179056013,,0.0932313841341558,,,,0.0959249283169693,,,0.1765209940017138,4.34,3.96,4.71,0.4157
Latina,Águilas,0.2035361414456578,0.0026567233745047,0.0165928687951526,0.1324403441852213,0.4300066979236436,0.5699933020763563,0.1555687181152913,0.4689265536723164,0.5310734463276836,0.4610120791667454,0.5389879208332545,0.1022286913290864,0.1527381334946409,0.1800722103551917,0.29589232717718,0.1516795523714107,0.2690686376439009,0.1173890852724901,146.55640514184398,0.1109808888300788,0.1488673139158576,0.2863226026230625,0.1699880769885879,0.3948220064724919,0.1559345631743821,0.2805429864253393,0.1698572920292377,0.3936651583710407,0.1420947298198799,0.2918612408272181,0.1701134089392928,0.395930620413609,0.0,0.3379105188005711,0.149690623512613,0.1622084721561161,0.22144217039505,0.076273203236554,0.0524750118990956,27.19474217152901,42.04721090347056,,0.1231884057971014,,,,0.1606484893146647,,,0.1033606541716818,4.52,4.04,4.97,0.6236999999999999
Moncloa-Aravaca,Aravaca,0.2867759820691282,0.0067524115755627,0.0248660235798499,0.1357079776273182,0.386117136659436,0.613882863340564,0.1150285531869613,0.414122725871107,0.585877274128893,0.4662873999157185,0.5337126000842815,0.1547267874701503,0.2150934119960668,0.1536030341340075,0.2980053378283466,0.1298286276162382,0.1785714285714285,0.0487428009551903,48.81042166609531,0.170740272510184,0.1497326203208556,0.3000822706705059,0.164952694364459,0.3852324146441793,0.1355721393034825,0.3117744610281924,0.1625207296849088,0.3901326699834162,0.1636734693877551,0.2885714285714286,0.1673469387755102,0.3804081632653061,0.0,0.115414287918531,0.0409401841279637,0.5585043460371342,0.165406573059713,0.1055907010235046,0.0141439078331533,17.20639875146313,26.40692640692641,,,,0.0783225408572309,,,,0.0598211532531606,0.0549781860745575,2.47,2.05,2.83,0.5256000000000001
Moncloa-Aravaca,Argüelles,0.1415005308481774,0.0033986226634469,0.01270011626867,0.1174565793347071,0.4561403508771929,0.543859649122807,0.1821747308600472,0.4567223198594025,0.5432776801405975,0.4583860259247549,0.541613974075245,0.088286436926968,0.1973601011697755,0.2111523869743914,0.2629228580461587,0.1533749604805564,0.2402782168827062,0.0869032564021498,334.04620462046205,0.0948071451153967,0.1904960400166736,0.2584410170904543,0.1604835348061692,0.3905794080867028,0.1908333333333333,0.2591666666666666,0.1616666666666666,0.3883333333333333,0.1901584653878232,0.2577147623019182,0.1592994161801501,0.3928273561301084,0.0,0.1300760794387906,0.0388301551230115,0.5611599644303923,0.1636201956328426,0.0970259855745479,0.0092876198004149,24.02449273622284,35.88205897051474,,,,0.1023725834797891,,,,0.0654657293497363,0.0845639732660983,2.36,2.25,2.46,0.5065999999999999
Moncloa-Aravaca,Casa de Campo,0.0749675592780464,0.0029554937413073,0.0166898470097357,0.0959670297321165,0.5184049079754601,0.4815950920245399,0.1004171172562953,0.5,0.5,0.4772625280478683,0.5227374719521316,0.0882572924457741,0.1519072550486163,0.1982797307404637,0.3067314884068811,0.1582647718773373,0.2548242333582647,0.0965594614809274,7.657239728302579,0.0950635751682872,0.1935483870967742,0.2446892210857592,0.1738788355625491,0.3878835562549174,0.1863057324840764,0.2563694267515923,0.1560509554140127,0.4012738853503185,0.2006220839813375,0.2332814930015552,0.1912908242612752,0.374805598755832,0.0,0.1700929315685722,0.0612972871491598,0.4486060264714165,0.1940298507462686,0.1069182389937107,0.019055665070872,25.822647922138117,38.827400538438525,,,,0.103076923076923,,,,0.0761538461538461,0.0525258767186775,3.73,3.82,3.64,0.5538000000000001
Moncloa-Aravaca,Ciudad Universitaria,0.1246313554323463,0.0046132554205751,0.015069967707212,0.0656461583750368,0.42152466367713,0.57847533632287,0.1182152168760369,0.4340852130325814,0.5659147869674186,0.461956204379562,0.5380437956204379,0.1142189781021897,0.1964963503649635,0.1785693430656934,0.2561167883211679,0.1617518248175182,0.2545985401459854,0.0928467153284671,12.01678490481303,0.1233868613138686,0.1699006152389967,0.2754377662091812,0.16280170373876,0.391859914813062,0.1699029126213592,0.2718446601941747,0.1495145631067961,0.4087378640776699,0.1698984302862419,0.2788550323176362,0.175438596491228,0.3758079409048938,0.0,0.1120509040117948,0.0374020330565686,0.5860945138511678,0.1517808644370295,0.1015752308527973,0.0110964537906417,25.52145058070633,35.314604132807055,,,,0.0696741854636591,,,,0.0466165413533834,0.0643517421189855,2.08,1.82,2.32,0.614
Moncloa-Aravaca,El Plantío,0.0358617435413471,0.0089910089910089,0.0209790209790209,0.0105975861053871,0.3333333333333333,0.6666666666666666,0.1143852978453738,0.4099722991689751,0.590027700831025,0.467176545570427,0.532823454429573,0.1647546207775653,0.2001274697259401,0.147227533460803,0.2855321861057999,0.1469088591459528,0.2023581899298916,0.0554493307839388,8.894053625077943,0.1937539834289356,0.1381578947368421,0.34375,0.1480263157894736,0.3700657894736842,0.1132686084142394,0.3754045307443365,0.1553398058252427,0.3559870550161812,0.1638795986622073,0.3110367892976589,0.1404682274247491,0.3846153846153846,0.0,0.1014828544949026,0.0324374420759962,0.5834105653382762,0.1612604263206672,0.1079703429101019,0.0134383688600556,19.771863117870723,25.64102564102564,,,,0.0858725761772853,,,,0.0554016620498614,0.0519645120405576,1.84,1.32,2.3,0.6403
Moncloa-Aravaca,Valdemarín,0.1022177657190043,0.0130748422001803,0.0311091073038773,0.0329702678834265,0.4107142857142857,0.5892857142857143,0.0987786874245067,0.3505434782608695,0.6494565217391305,0.4680266771282856,0.5319733228717144,0.208840068000523,0.2085785275271348,0.1554858114293187,0.299463842029554,0.0838237217209363,0.1276317510134693,0.043808029292533,23.1551854655564,0.2266248201909245,0.13733410271206,0.2856318522792845,0.1656087709174841,0.4114252740911713,0.1389221556886227,0.2898203592814371,0.1700598802395209,0.4011976047904191,0.1358574610244989,0.2817371937639198,0.1614699331848552,0.4209354120267261,0.0,0.0920127795527156,0.022790202342918,0.6649627263045793,0.126517571884984,0.085835995740149,0.0078807241746538,12.13259965105355,33.849557522123895,,,,0.0951086956521739,,,,0.0475543478260869,0.0499261844047778,2.25,2.02,2.44,0.5478000000000001
Moncloa-Aravaca,Valdezarza,0.2340450631119499,0.0035562953995157,0.0214891041162227,0.1916396820724168,0.4485407066052227,0.5514592933947773,0.1427848421585373,0.4590163934426229,0.5409836065573771,0.4624349896610063,0.5375650103389936,0.1161100319568895,0.1566200889780061,0.213672535873175,0.2682185600601541,0.1590951814023435,0.2453787831317751,0.0862836017294316,228.39355992844364,0.1243185663262109,0.1751512096774193,0.2575604838709677,0.1859879032258064,0.3813004032258064,0.1633423180592992,0.261455525606469,0.1919137466307277,0.383288409703504,0.1855182205395172,0.2541410317084713,0.1807856128726928,0.3795551348793185,0.0,0.2521645021645021,0.0984447651114317,0.3161776495109828,0.2141654641654641,0.0921115921115921,0.0269360269360269,24.46700828746758,35.048480930833875,,,,0.0500664599025254,,,,0.1094373061586176,0.096254823812235,3.22,3.03,3.39,0.5878
Moratalaz,Fontarrón,0.2092525998639323,0.0029215358931552,0.0198942682248191,0.1663383056571911,0.4653130287648054,0.5346869712351946,0.2011111111111111,0.454696132596685,0.5453038674033149,0.4577840723390347,0.5422159276609653,0.1109597995424338,0.1677742673493844,0.2105893888223118,0.2866870029414969,0.1194029850746268,0.223989541344373,0.1045865562697461,190.31722993987145,0.1172785706503976,0.1611704598235021,0.2865768694844403,0.1569902461681374,0.3952624245239201,0.1562216167120799,0.2770208900999091,0.1680290644868301,0.3987284287011807,0.1663498098859315,0.2965779467680608,0.1454372623574144,0.3916349809885932,0.0,0.3281874956143428,0.1272191425163146,0.1831450424531611,0.236755315416462,0.0763455196126587,0.0483474843870605,22.7,46.67156142927068,,,,,,0.143646408839779,,0.1320441988950276,0.1358333333333333,4.87,4.68,5.05,0.5305
Moratalaz,Horcajo,0.0795995723588298,0.004923903312444,0.0241718889883616,0.0548831972980579,0.4102564102564102,0.5897435897435898,0.0931319109173026,0.459866220735786,0.540133779264214,0.4767639339200247,0.5232360660799753,0.1062220163656013,0.243322525860738,0.1389532190829087,0.3756368689207967,0.1076115485564304,0.1358653697699552,0.0282538212135247,86.83469633999195,0.1264474293654469,0.1294261294261294,0.3614163614163614,0.1587301587301587,0.3504273504273504,0.1259842519685039,0.3595800524934383,0.1574803149606299,0.3569553805774278,0.1324200913242009,0.363013698630137,0.1598173515981735,0.3447488584474886,0.0,0.2103312990409764,0.0660418482999128,0.3480819529206626,0.2207933740191804,0.1207497820401046,0.034001743679163,12.427970721071484,22.18045112781955,,,,,,0.0685618729096989,,0.342809364548495,0.0577791621242797,4.01,3.48,4.5,0.3365999999999999
Moratalaz,Marroquina,0.2403537758771503,0.00281536645173,0.0142584688039233,0.1716858992400788,0.4098360655737705,0.5901639344262295,0.0889411229480229,0.453537936913896,0.546462063086104,0.4596780260287369,0.540321973971263,0.0874144286466561,0.1554201459414729,0.1568494696456781,0.2985781990521327,0.181524110434063,0.30173775671406,0.1202136462799969,148.5168426344897,0.0930188821184081,0.1605337646583097,0.2862919530934088,0.1718560452891225,0.3813182369591589,0.1554447215295095,0.2709891936824605,0.1720698254364089,0.4014962593516209,0.1653543307086614,0.3007874015748031,0.1716535433070866,0.3622047244094488,0.0,0.2476401998889505,0.0947621691652785,0.2917360725522858,0.228622987229317,0.1048028872848417,0.0324356838793263,29.48669345666844,39.35458986886089,,,,,,0.0976129582267689,,0.1538789428815004,0.0564864659943892,3.78,3.25,4.27,0.6356
Moratalaz,Media Legua,0.1930216736320342,0.0025942108137629,0.0191152375750955,0.1325640303968477,0.386411889596603,0.613588110403397,0.1325125091358857,0.4620280016970725,0.5379719983029274,0.4528396997871625,0.5471603002128375,0.1040103058138232,0.1543071580598185,0.1893133191441693,0.2642545087935476,0.182480116500504,0.2881147081886412,0.1056345916881371,178.71871871871872,0.1112355774616332,0.1696878147029204,0.2532729103726082,0.18932527693857,0.3877139979859013,0.1529051987767584,0.2517838939857288,0.2028542303771661,0.3924566768603466,0.1860696517412935,0.2547263681592039,0.1761194029850746,0.3830845771144278,0.0,0.2638888888888889,0.1144611948632049,0.2607481853713009,0.2181044109436069,0.0919179229480737,0.0508793969849246,28.56580648788441,36.54792363707932,,,,,,0.1056427662282562,,0.1612218922358931,0.0880418283015685,4.39,3.57,5.12,0.6592
Moratalaz,Pavones,0.0900962192632909,0.0044642857142857,0.0166666666666666,0.0695187165775401,0.4696356275303643,0.5303643724696356,0.1592093831450912,0.4897680763983629,0.5102319236016372,0.4641440668881981,0.5358559331118019,0.0856469074927645,0.2028084467788616,0.1611105155965269,0.2772001286311502,0.1717225854861185,0.2732340015006967,0.1015114160145781,92.39378033079132,0.0993675635116304,0.1391585760517799,0.3117583603020496,0.174757281553398,0.3743257820927724,0.1293859649122807,0.3135964912280701,0.1842105263157894,0.3728070175438596,0.1486199575371549,0.3099787685774947,0.1656050955414012,0.375796178343949,0.0,0.2843984696046479,0.1181805299702423,0.2024939776108828,0.2335269944735723,0.089273062207737,0.0721269661329176,27.052562988705475,37.01324769169008,,,,,,0.1084583901773533,,0.1043656207366985,0.0754778453518679,4.15,3.96,4.33,0.5903
Moratalaz,Vinateros,0.1876761590047623,0.003235373416015,0.0187382043677541,0.1322825781030115,0.4021276595744681,0.597872340425532,0.1647527266431992,0.4623467600700525,0.5376532399299475,0.4470837387670998,0.5529162612329003,0.0984488581077213,0.1491042298666361,0.1979279949630816,0.2888787132963196,0.1356533684391277,0.2656402037662412,0.1299868353271135,294.1245791245792,0.1105260145383778,0.1760745727602278,0.2879337131020197,0.1662351113412739,0.3697566027964785,0.1635802469135802,0.2726337448559671,0.1697530864197531,0.3940329218106996,0.1887382690302398,0.3034410844629823,0.1626694473409801,0.3451511991657977,0.0,0.2931364894598623,0.1245652636808858,0.2185392859677762,0.2342962594932216,0.0865213996735041,0.0429413017247498,27.000981014484392,49.62598845907245,,,,,,0.1446584938704028,,0.1481611208406304,0.106815165329794,4.27,3.62,4.86,0.6167
Puente de Vallecas,Entrevías,0.1595357441222102,0.0026601808923006,0.0237896176940031,0.1069283635688192,0.4371742906774754,0.5628257093225246,0.2180673523106564,0.4930313588850174,0.5069686411149826,0.4828447482581832,0.5171552517418168,0.1319048245037465,0.1905613250953069,0.2147232811883791,0.2851321151570921,0.1163402129617457,0.1776784540554752,0.0613382410937294,63.68994792277165,0.1405810437754699,0.1756124929867215,0.26987095567608,0.1804750327286328,0.3740415186085655,0.1761559037065342,0.2640427970959113,0.1837982422621322,0.3760030569354222,0.175091575091575,0.2754578754578755,0.1772893772893773,0.3721611721611721,0.0,0.4268129321892763,0.1792476738713297,0.0748343651569458,0.1698707505159118,0.0357336808949712,0.1135005973715651,17.86111638761499,35.916134913400185,,,,,,0.1205823792931806,,0.0932055749128919,0.1627906976744186,6.63,5.79,7.48,0.4786999999999999
Puente de Vallecas,Numancia,0.1867764649719537,0.0023084025854108,0.020775623268698,0.1179493529812395,0.4325459317585302,0.5674540682414698,0.2871019014540531,0.4950447679584444,0.5049552320415556,0.4800850623599057,0.5199149376400942,0.111615610092534,0.1924248520029886,0.2387493534111155,0.2774488955303945,0.1200452133264363,0.1797612889629672,0.0597160756365308,282.28327294359417,0.1199302641914286,0.1696485623003195,0.2722044728434505,0.1806709265175718,0.3774760383386581,0.1635651322233104,0.2703232125367287,0.1834802481227554,0.3826314071172053,0.1754770096965905,0.2740068814513606,0.177979355645918,0.3725367532061307,0.0,0.3782802692278605,0.1463359298192543,0.1438150697017822,0.2150797852227179,0.0578537396959842,0.0586352063324006,17.852867879358726,33.875577049901075,,,,,,0.1262388080103889,,0.1231631467432164,0.2186770275308569,5.18,4.52,5.83,0.4314
Puente de Vallecas,Palomeras Bajas,0.1459601384413414,0.0022844089091947,0.0202424011675867,0.0783852393040678,0.4431279620853081,0.556872037914692,0.1951809537496107,0.4790771873849552,0.5209228126150448,0.4698487756917459,0.5301512243082541,0.1065592958471838,0.1989091249590336,0.1955849992977199,0.3130764548902102,0.129008848728873,0.1858701250058523,0.0568612762769792,247.7985962062765,0.1145184699658223,0.1633278822567457,0.2935404742436631,0.1655764513491414,0.3775551921504497,0.1600823045267489,0.2917695473251029,0.1563786008230452,0.3917695473251029,0.1665312753858651,0.2952883834281072,0.1746547522339561,0.3635255889520715,0.0,0.365385807251317,0.1318252246668732,0.1570498915401301,0.2244189649829563,0.0643012085528354,0.0570189030058878,18.220572386540532,32.00578338590957,,,,,,0.1151061479936188,,0.1298318812124187,0.1415638845647228,4.23,3.9,4.53,0.4272999999999999
Puente de Vallecas,Palomeras Sureste,0.1700083542188805,0.00319375443577,0.0220014194464159,0.0907683734753266,0.4147339699863574,0.5852660300136425,0.1689791873141724,0.4884030925086643,0.5115969074913357,0.4763206029486304,0.5236793970513697,0.1174383498248011,0.1745377614209842,0.214491923221015,0.3018048791237852,0.130682945104348,0.1917270864094144,0.0610441413050664,145.97246348838704,0.1255702228000969,0.1639171639171639,0.2808002808002808,0.1755001755001755,0.3797823797823798,0.1681670867842996,0.2769175369103349,0.1757292041771696,0.3791861721281959,0.1598767545361177,0.2844916124614858,0.1752824375213967,0.3803491954809996,0.0,0.3861076526623621,0.1454671801256623,0.127573327156383,0.2000463271274285,0.0562295509164084,0.0845759620117555,18.877826831246058,32.77651831523684,,,,,,0.118635030658491,,0.1283657691282324,0.1162492116406883,4.72,4.02,5.39,0.4644
Puente de Vallecas,Portazgo,0.1197338584556629,0.0031075201988812,0.0231732220545147,0.0694074670299052,0.4460303300624442,0.5539696699375558,0.2041282861561218,0.4792490118577075,0.5207509881422925,0.4735293155881103,0.5264706844118897,0.1218403583924659,0.1765475295117883,0.2180438834570485,0.2775906608678591,0.1345606749288774,0.2059775677708381,0.0714168928419606,245.57134826949328,0.1312252705928517,0.1535011213555943,0.2835783702965362,0.1794168950909544,0.383503613256915,0.1549367088607595,0.2881012658227848,0.1837974683544304,0.3731645569620253,0.1521099116781158,0.2791952894995093,0.1751717369970559,0.3935230618253189,0.0,0.3868492194994332,0.1782942356326851,0.110098543646987,0.1884974274003662,0.0478765152175808,0.0883840586029475,20.819605997445034,35.07185532052317,,,,,,0.125494071146245,,0.1305994729907773,0.1506757211053587,5.5,4.95,6.03,0.5223
Puente de Vallecas,San Diego,0.217985439789951,0.003168779186124,0.0305759395152323,0.1290941737353724,0.4201438848920863,0.5798561151079137,0.3738497709676112,0.4980753591759284,0.5019246408240715,0.4851960210649502,0.5148039789350497,0.1364345621220987,0.2098888238736103,0.258260191144919,0.2766920226253169,0.0804954164228593,0.118724400234055,0.0382289838111956,479.2036638938219,0.1425004876145894,0.1769778264440186,0.2551327675882836,0.1865589926088146,0.3813304133588831,0.1792749072223808,0.2440765058521267,0.191835569511847,0.3848130174136454,0.1748619510912437,0.2653168551143833,0.1816986589534578,0.378122534840915,0.0,0.4204112718964204,0.1337721684256337,0.1302361005331302,0.211021651615711,0.0541018387553041,0.0504569687738004,11.992541397271935,33.69950988676694,,,,,,0.1274600162645703,,0.1153158037408511,0.2921015829262854,5.47,4.66,6.27,0.3661
Retiro,Adelfas,0.1686971477712484,0.0042918454935622,0.0175352544451256,0.1149387214309373,0.3544668587896253,0.6455331412103746,0.0937187910643889,0.4655075715086932,0.5344924284913067,0.4642670567338836,0.5357329432661164,0.113624490648835,0.1508201859784766,0.2141886950161947,0.2835649357433915,0.1704106154006895,0.237801692613102,0.0673910772124125,298.7203495630462,0.1229756556263713,0.1690739167374681,0.2744265080713678,0.173322005097706,0.3831775700934579,0.1758147512864494,0.2675814751286449,0.1595197255574614,0.3970840480274442,0.1624579124579124,0.2811447811447811,0.1868686868686868,0.3695286195286195,0.0,0.162824397312607,0.0575023053616124,0.4470425503886181,0.1937821103938874,0.1216572256619681,0.0171914108813068,23.09592641261498,27.92444242148384,,,,0.0959057767807066,,,,0.0874929893438025,0.0524047306176084,2.83,2.09,3.51,0.5496
Retiro,Estrella,0.2056041278486455,0.0042682241940918,0.0131416376502302,0.0987081815170586,0.4295302013422818,0.5704697986577181,0.057390006147361,0.4093343534812548,0.5906656465187452,0.4593155229614108,0.5406844770385891,0.1159856818578662,0.1419591409114719,0.1622140736860485,0.2603457307490833,0.2003230312554566,0.3194953727955299,0.1191723415400733,223.3837152608484,0.1252400907979745,0.1366329731613802,0.2896479609620077,0.1645172533983966,0.4092018124782154,0.1362994350282486,0.2959039548022599,0.1617231638418079,0.4060734463276836,0.1369580178940123,0.2835512732278045,0.1672401927047488,0.4122505161734343,0.0,0.1305524861878453,0.043756906077348,0.5065193370165746,0.1838674033149171,0.1233701657458563,0.0119337016574585,31.88284886273821,35.73887894229445,,,,0.1453710788064269,,,,0.061973986228003,0.0263019232458066,2.34,2.09,2.57,0.8012
Retiro,Ibiza,0.180665042281783,0.0041905151267375,0.0164554374488961,0.1324942033786021,0.4275,0.5725,0.1656519763743753,0.4281404278661547,0.5718595721338453,0.4401342951771698,0.5598657048228302,0.104350982260333,0.1660088017785037,0.204664035207114,0.270949593938569,0.1660541717707908,0.2540265868154802,0.0879724150446894,447.98780487804873,0.1143777505557824,0.1900039666798889,0.2499008330027766,0.1816739389131297,0.3784212614042047,0.1905511811023622,0.2480314960629921,0.1811023622047244,0.3803149606299212,0.1894484412470023,0.2517985611510791,0.1822541966426858,0.3764988009592326,0.0,0.139146148633386,0.0435961147503953,0.5240004517732099,0.1821775468714705,0.0978653715834651,0.0132143663880731,25.2703316674239,34.66379000359583,,,,0.1324739440482721,,,,0.0762479429511793,0.0711494775102226,2.86,2.68,3.01,0.5804
Retiro,Los Jerónimos,0.0553963021355883,0.0048933939182104,0.012233484795526,0.0324610798277575,0.3775510204081632,0.6224489795918368,0.1548889529852898,0.4376163873370577,0.5623836126629422,0.472813578826237,0.5271864211737629,0.104861910241657,0.1625431530494821,0.1810989643268124,0.2973245109321059,0.1510356731875719,0.2541714614499424,0.1031357882623705,36.46663869072598,0.1111910241657077,0.1655886157826649,0.2522639068564036,0.1720569210866752,0.4100905562742561,0.1633802816901408,0.2732394366197183,0.1690140845070422,0.3943661971830985,0.1674641148325359,0.2344497607655502,0.1746411483253588,0.423444976076555,0.0,0.1203720264711143,0.0345197639062779,0.5483813271328921,0.1833303523519942,0.1028438561974602,0.0105526739402611,25.814825497548316,40.0,,,,0.1173184357541899,,,,0.0614525139664804,0.0523507355062013,2.22,1.7,2.73,0.5864
Retiro,Niño Jesús,0.1530743872724666,0.0034059945504087,0.0161784741144414,0.0652533951639615,0.3908629441624365,0.6091370558375635,0.0741929146748739,0.3865842894969108,0.6134157105030892,0.4535354855574435,0.5464645144425565,0.1271729185727355,0.1563847863024441,0.1659260227421252,0.2769572604888249,0.1749444517056594,0.2735590118938701,0.0986145601882106,237.86724700761695,0.1395895961312246,0.1573033707865168,0.2827715355805243,0.1643258426966292,0.3955992509363296,0.1632270168855534,0.2767354596622889,0.1707317073170731,0.3893058161350844,0.1514018691588785,0.288785046728972,0.1579439252336448,0.4018691588785046,0.0,0.1016819571865443,0.0290519877675841,0.586901121304791,0.1660720353380904,0.1091573224600747,0.0071355759429153,27.19533756793923,34.21622923188057,,,,0.1429832303618711,,,,0.0450132391879964,0.0324143801977604,2.18,1.82,2.5,0.7001999999999999
Retiro,Pacífico,0.236562992690268,0.0039087947882736,0.0148534201954397,0.2103345478635309,0.3889763779527559,0.6110236220472441,0.1184838336840233,0.4504752376188094,0.5495247623811906,0.4500615799659844,0.5499384200340156,0.091930092076711,0.1503430883819131,0.2150607002521846,0.2764060758899771,0.1797548530877954,0.2662600433992141,0.0865051903114186,449.7164710536727,0.0967978417688112,0.1811572250833081,0.2556800969403211,0.165101484398667,0.3980611935777037,0.1703431372549019,0.267156862745098,0.1605392156862745,0.4019607843137255,0.1917315757938885,0.2444577591372079,0.1695626123427202,0.3942480527261833,0.0,0.16093554722371,0.0522763792179967,0.4527405820389216,0.2017496875557936,0.1175504374218889,0.0147473665416889,26.52401979669857,32.33519553072626,,,,0.1110555277638819,,,,0.1163081540770385,0.065583972972172,2.92,2.41,3.36,0.57
Salamanca,Castellana,0.1134432140097862,0.0025657472738935,0.0116741500962155,0.05327325735489,0.3880597014925373,0.6119402985074627,0.2493782500565227,0.4156844968268359,0.584315503173164,0.4390573909121659,0.560942609087834,0.0879467809223136,0.2486751606720036,0.1891419551245912,0.2441650693426542,0.1512008118164393,0.2300710339384372,0.0788702221219979,229.35091802430824,0.0993347615289209,0.217366628830874,0.2548240635641317,0.1833144154370034,0.3444948921679909,0.2164502164502164,0.2608225108225108,0.1829004329004329,0.3398268398268398,0.2183770883054892,0.2482100238663484,0.1837708830548926,0.3496420047732697,0.0,0.1069562016930438,0.0267206477732793,0.6137651821862348,0.1634155318365844,0.0816341553183658,0.0075082811924917,22.90865928103097,33.97483345669874,,,,0.1226201269265639,,,,0.0339981867633726,0.1054148767804657,1.68,1.45,1.87,0.4896
Salamanca,Fuente del Berro,0.1468580994076744,0.0028863003814039,0.0142253375940624,0.111317254174397,0.4333333333333333,0.5666666666666667,0.1569770152454659,0.435996435996436,0.564003564003564,0.4399668019181114,0.5600331980818886,0.0976115824419033,0.1611490225009221,0.2313260789376613,0.2655385466617484,0.1568609369236444,0.2443747694577646,0.0875138325341202,254.3748533896317,0.1051733677609738,0.1950898728627794,0.2560280578693555,0.1766768960982025,0.3722051731696624,0.1865148861646234,0.2565674255691769,0.1821366024518388,0.3747810858143607,0.2036874451273046,0.2554872695346795,0.1712028094820017,0.369622475856014,0.0,0.1595781071835804,0.0527936145952109,0.4738882554161915,0.1929874572405929,0.1076966932725199,0.0130558722919042,24.364772250454568,36.12705702257941,,,,0.1259281259281259,,,,0.092070092070092,0.0775793743298055,2.96,2.8,3.09,0.5384
Salamanca,Goya,0.1931496265773886,0.0029078014184397,0.0139716312056737,0.1253644314868804,0.3826638477801268,0.6173361522198731,0.2007833843520621,0.4098360655737705,0.5901639344262295,0.4337727763420458,0.5662272236579541,0.0899633603768647,0.1962509814184768,0.2181366134519759,0.2560847945563989,0.1583028003140539,0.2395564133599398,0.0812614498822297,396.8453849149682,0.0981386371814583,0.2033333333333333,0.2486666666666666,0.1873333333333333,0.3606666666666667,0.2027925531914893,0.245345744680851,0.1801861702127659,0.3716755319148936,0.2038770053475936,0.2520053475935829,0.1945187165775401,0.3495989304812834,0.0,0.1195039915710985,0.0346881711715362,0.5728816306682336,0.168983263767881,0.0923937269522227,0.0115492158690278,23.72206313156249,33.744970167892326,,,,0.1418032786885246,,,,0.0886885245901639,0.0877851288634343,2.33,2.02,2.57,0.5059
Salamanca,Guindalera,0.3076229719289209,0.0029089755117152,0.0128523827153964,0.1979856877816061,0.428380187416332,0.571619812583668,0.1418715767393077,0.4557253162477411,0.544274683752259,0.4567881365674215,0.5432118634325784,0.1020806989309116,0.1764570640303483,0.2214507414645361,0.2634325784572939,0.145970801241522,0.2365789171169099,0.0906081158753879,271.36885450461693,0.1098517070927692,0.1804102134784428,0.2572205943909585,0.1802009208874005,0.3821682712431979,0.1806091806091806,0.2616902616902617,0.172029172029172,0.3856713856713856,0.1802206783816918,0.2529628116060482,0.1879852881078872,0.3788312219043727,0.0,0.1309692534636855,0.0403204813004367,0.5259595638214792,0.1861568275822173,0.1045902872183495,0.0120035866138316,23.81307539913763,38.43594009983361,,,,0.1279776573024478,,,,0.0869065220962707,0.0724391096608786,2.62,2.34,2.87,0.5373
Salamanca,Lista,0.1341746072624259,0.0025270393207318,0.0126351966036591,0.0845481049562682,0.4137931034482758,0.5862068965517241,0.2037105923928206,0.4270714448755991,0.5729285551244008,0.4329212031740173,0.5670787968259826,0.0897305775973426,0.2140616349880051,0.2099095774128068,0.2487543827274405,0.150719689979701,0.2375438272744048,0.0868241372947038,416.6858900422914,0.0961431998523712,0.201535508637236,0.2432821497120921,0.1703454894433781,0.3848368522072937,0.1937618147448015,0.2268431001890359,0.1767485822306238,0.4026465028355387,0.2095516569200779,0.260233918128655,0.1637426900584795,0.3664717348927875,0.0,0.120787492762015,0.036595251881876,0.5709901563404748,0.1695425593514765,0.0931094383323682,0.0089751013317892,23.714312284943738,35.509803921568626,,,,0.1376398082629536,,,,0.0723579091531613,0.0903933785920208,2.21,2.03,2.35,0.5015999999999999
Salamanca,Recoletos,0.1047514808138037,0.0046128040257198,0.0124405926754263,0.0442618605883912,0.3952095808383233,0.6047904191616766,0.2357841590407068,0.4271948608137045,0.5728051391862955,0.4497760716570697,0.5502239283429302,0.0939919380638556,0.1934864674643291,0.1905432209354405,0.2771770426770746,0.1631582314927378,0.2447856685860524,0.0816430993665621,179.01729469705646,0.1040946896992962,0.183159188690842,0.2679778733866011,0.173939766441303,0.3749231714812538,0.1803069053708439,0.2672634271099744,0.1751918158567774,0.3772378516624041,0.1857988165680473,0.2686390532544379,0.1727810650887574,0.3727810650887574,0.0,0.097649758645248,0.0237398116641608,0.6341695022552821,0.1524887235894595,0.085542454696526,0.0064097491493234,24.28526349005996,32.562370062370064,,,,0.1220556745182012,,,,0.0580835117773019,0.0818554749132218,1.63,1.43,1.79,0.528
San Blas-Canillejas,Amposta,0.0631907185766038,0.0016524373450839,0.0256127788488019,0.0600439681231107,0.4279176201372998,0.5720823798627003,0.2747974151194994,0.4710712952594251,0.5289287047405749,0.4702107279693486,0.5297892720306513,0.1315134099616858,0.2051724137931034,0.2294061302681992,0.2780651340996168,0.0977969348659003,0.1558429118773946,0.0580459770114942,282.0097244732577,0.1319923371647509,0.1748911465892598,0.2750362844702467,0.1850507982583454,0.365021770682148,0.1746987951807229,0.2756024096385542,0.197289156626506,0.3524096385542168,0.1750700280112044,0.2745098039215686,0.1736694677871148,0.376750700280112,0.0,0.4285908781484002,0.1599727705922396,0.0958475153165418,0.2021783526208305,0.0496936691626957,0.063716814159292,16.411939686121652,39.8125,,0.135498320268757,,,,,,0.167973124300112,0.2051492460765206,5.91,5.25,6.52,0.4397999999999999
San Blas-Canillejas,Arcos,0.1635713303067822,0.0037371535347243,0.0215924426450742,0.1247595493267381,0.4537444933920704,0.5462555066079295,0.1573059360730593,0.4784712143202709,0.521528785679729,0.4731082043401671,0.5268917956598328,0.1217345676698774,0.1952700423522356,0.191934335294779,0.3224391889359469,0.1070799445298152,0.1686218657471609,0.0615419212173456,204.4207784247625,0.1336906412803118,0.1592374544435099,0.3008130081300813,0.1555929352396972,0.3843566021867115,0.1544991511035653,0.2993774759479343,0.1550650820599886,0.3910582908885116,0.1638888888888889,0.3022222222222222,0.1561111111111111,0.3777777777777777,0.0,0.3461027004909983,0.1324161211129296,0.1752250409165302,0.2125102291325695,0.0712970540098199,0.0624488543371522,16.773211567732115,38.044464609800364,,0.1390904692791485,,,,,,0.1340106434446057,0.108675799086758,4.84,4.48,5.18,0.4357
San Blas-Canillejas,Canillejas,0.168111156967946,0.0024250822795773,0.0193140481552052,0.119263533937895,0.4412442396313364,0.5587557603686636,0.2156096583508666,0.4637546468401487,0.5362453531598513,0.4680095172908314,0.5319904827091685,0.1103650586701434,0.1729791395045632,0.211212516297262,0.2759778357235984,0.1514015645371577,0.2294579707310713,0.0780638852672751,192.0322964261125,0.1194876307812652,0.1522094926350245,0.2793235133660665,0.1729405346426623,0.3955264593562466,0.1533707865168539,0.2724719101123595,0.1764044943820224,0.397752808988764,0.1511134676564157,0.2857900318133616,0.1696712619300106,0.3934252386002121,0.0,0.3440006790883239,0.1328890963880989,0.1867492890794108,0.2178175798989856,0.0724926785790076,0.0460506769661729,23.01706575827405,33.58966918165989,,0.1155514250309789,,,,,,0.1517967781908302,0.1342884814480847,4.32,3.94,4.67,0.5446
San Blas-Canillejas,El Salvador,0.0560829091576099,0.0057945174949855,0.0153777579674615,0.0305028854080791,0.4684684684684684,0.5315315315315315,0.1113148245154531,0.4831372549019608,0.5168627450980392,0.4746499695625706,0.5253500304374293,0.0963562048873815,0.1802765457865901,0.1615792677624141,0.3114183842073224,0.1731454909122532,0.2503695973562918,0.0772241064440386,61.16164033827988,0.1063570745282198,0.1537203597710547,0.2796402289452167,0.1594439901880621,0.4071954210956664,0.1443661971830986,0.2922535211267605,0.1390845070422535,0.4242957746478873,0.1618320610687023,0.2687022900763359,0.1770992366412213,0.3923664122137404,0.0,0.1763335921038039,0.0562271265387601,0.4174337362759232,0.2239103914827548,0.1105689253632028,0.015526228235555,24.11384669111228,31.06444605358436,,0.076078431372549,,,,,,0.1098039215686274,0.0598044351318316,2.97,2.88,3.06,0.5335
San Blas-Canillejas,Hellín,0.0616774430228825,0.0020964360587002,0.0214884696016771,0.0511129431162407,0.3897849462365591,0.6102150537634409,0.2169811320754717,0.4588344125809436,0.5411655874190564,0.4630331293111823,0.5369668706888177,0.1259108131740017,0.1761391236762848,0.2345283202176236,0.2727096084717769,0.1106577285533857,0.1907121344603128,0.080054405906927,186.94151834362512,0.1306713300301175,0.1739776951672862,0.2654275092936803,0.1710037174721189,0.3895910780669145,0.1827794561933534,0.2658610271903323,0.175226586102719,0.3761329305135951,0.1654465592972181,0.2650073206442166,0.1669106881405563,0.4026354319180087,0.0,0.3997916395363979,0.1504102096627165,0.1298346138820159,0.2041932543299909,0.0513087641620002,0.0644615184268785,19.45810336176618,45.74522949974214,,0.1443108233117483,,,,,,0.1452358926919519,0.1579528349222277,5.34,4.35,6.26,0.4915
San Blas-Canillejas,Rejas,0.1440363186132893,0.0078782939418636,0.0309698451507742,0.0618301731244847,0.4466666666666666,0.5533333333333333,0.2120246207957793,0.4777086573354069,0.5222913426645931,0.4902800835430836,0.5097199164569164,0.1517699352005569,0.1748513897070636,0.2240132812081615,0.3258180260268837,0.0842392759599421,0.1235473678573341,0.0393080918973919,37.22910062404051,0.1682107856263053,0.1445399554282075,0.2932187201528176,0.1588666029926775,0.4033747214262974,0.1544871794871795,0.2891025641025641,0.15,0.4064102564102564,0.1347248576850095,0.2972802024035421,0.1676154332700822,0.4003795066413662,0.0,0.2245816762962407,0.0510242365123433,0.3607713663990395,0.2260073534929091,0.1199069558040069,0.0177084114954603,11.859749395471532,32.66913809082484,,0.1228615863141524,,,,,,0.2195438050803525,0.1176632226863046,3.35,2.99,3.7,0.4109
San Blas-Canillejas,Rosas,0.1636630439767047,0.0044263456090651,0.0185021246458923,0.0773564165979664,0.4564831261101243,0.5435168738898757,0.0736753356248784,0.4568661971830985,0.5431338028169014,0.4758381202739103,0.5241618797260896,0.0969071495797228,0.2193554668484081,0.1314704832375945,0.3719858501281926,0.1289066303183721,0.1802810502060818,0.0513744198877097,33.14473188834508,0.1158277350468958,0.1188007845334827,0.3631269263098907,0.1384141216026898,0.3796581675539366,0.1154068090017311,0.3762261973456434,0.1471436814772071,0.3612233121754183,0.1220043572984749,0.3507625272331154,0.1301742919389978,0.3970588235294117,0.0,0.237063246351172,0.0799646174259177,0.2918177797434763,0.2548872180451128,0.1146837682441397,0.0215833701901813,17.280627796873986,28.129104897729405,,0.1183978873239436,,,,,,0.130281690140845,0.0375510733510603,2.57,2.44,2.69,0.4056
San Blas-Canillejas,Simancas,0.1796670793781813,0.0039185620580969,0.0235113723485816,0.1397361912613355,0.4218289085545723,0.5781710914454278,0.2417600636646992,0.4893704567274722,0.5106295432725277,0.4756389517955354,0.5243610482044646,0.1159818828857974,0.1933678421222905,0.2317373018440634,0.3034293109026205,0.103299902944031,0.155483662245228,0.052183759301197,135.79053727540307,0.1267550954383694,0.1541602858601327,0.3070444104134762,0.1684532924961715,0.3703420112302195,0.1606872157655381,0.3087417887822132,0.1677614957049014,0.3628094997473471,0.147498710675606,0.3053120165033522,0.1691593604951005,0.3780299123259412,0.0,0.3196023341257834,0.101793818889129,0.2389020963907499,0.2163388804841149,0.0835098335854765,0.039853036524746,15.408846740500032,35.67893264471702,,0.1172678644904677,,,,,,0.1394870388149773,0.1630413157371178,4.55,3.91,5.16,0.3967
Tetuán,Almenara,0.1495147760293875,0.0033179167504524,0.0187009853207319,0.1160334226706605,0.4361413043478261,0.563858695652174,0.2119136571191365,0.469539666993144,0.530460333006856,0.4668697948405443,0.5331302051594556,0.1029859841560024,0.2019094048344505,0.2440788137314645,0.2697542149096079,0.1160674385537274,0.1812715823684745,0.0652041438147471,246.29777866720036,0.1107861060329067,0.1991199119911991,0.25009167583425,0.1763843050971764,0.3744041070773744,0.1957831325301204,0.2379518072289156,0.1716867469879518,0.394578313253012,0.2022873481057898,0.261615439599714,0.18084345961401,0.355253752680486,0.0,0.2857746330129898,0.1165381772098426,0.2880980040130954,0.189354736508607,0.0756679691625303,0.0445664800929348,18.21087588210876,36.972874401641214,,,0.0660137120470127,,0.1008814887365328,,,,0.150975508509755,4.2,3.8,4.58,0.4191
Tetuán,Bellas Vistas,0.1828499369482976,0.0025791324736225,0.0143024618991793,0.1195018130222292,0.4683377308707124,0.5316622691292876,0.2727481166066164,0.4570673712021136,0.5429326287978864,0.4616645771048317,0.5383354228951683,0.1006847333397627,0.1892821551419294,0.2669817082971678,0.2634776738354711,0.1206159385347349,0.1795737293856688,0.0589577908509338,434.9412751677853,0.1072105956858584,0.1868065967016491,0.2503748125937031,0.1964017991004497,0.3664167916041979,0.1939840392879067,0.2461632903621854,0.1976672805402087,0.3621853898096992,0.1799531066822977,0.2543962485345838,0.1951934349355217,0.3704572098475967,0.0,0.2768799740133181,0.0850251745980185,0.3322234854636998,0.1994883872015592,0.0826701315575767,0.0237128471658275,18.10291179456945,32.567396417586394,,,0.222048757055362,,0.0761378647772307,,,,0.2070682257377747,3.4,3.36,3.44,0.409
Tetuán,Berruguete,0.1695268380941937,0.0032874278098622,0.0182141270546423,0.1160334226706605,0.4171195652173913,0.5828804347826086,0.2791929288031924,0.4457654288004274,0.5542345711995725,0.4519118505545826,0.5480881494454174,0.1067936368943374,0.1859311150029188,0.2726576182136602,0.2728765323992995,0.109274664331582,0.161741097489784,0.0524664331582019,451.4577499588206,0.1128137769994162,0.1701164294954721,0.2710219922380336,0.1730271668822768,0.3858344113842173,0.1762820512820513,0.275,0.1679487179487179,0.3807692307692307,0.1638381201044386,0.2669712793733681,0.1781984334203655,0.3909921671018276,4.669406051550243e-05,0.3036514755323123,0.0911935001867762,0.2892697048935375,0.2079286514755323,0.0818546880836757,0.0260552857676503,16.11904673106329,33.479870430356314,,,0.1627037135987176,,0.1195565054768902,,,,0.214299034050647,3.69,3.31,4.03,0.3822
Tetuán,Castillejos,0.1112999616207029,0.0028979714200059,0.0120915359248526,0.0696831152451521,0.4276018099547511,0.5723981900452488,0.1860180654873918,0.4415781487101669,0.5584218512898331,0.4544906010675331,0.545509398932467,0.0906938964957066,0.1648642376421443,0.2648874448828034,0.2466929682060803,0.1495474588071478,0.2328614527732652,0.0833139939661174,305.7329360011352,0.0942213970758876,0.2295566502463054,0.241871921182266,0.1798029556650246,0.3487684729064039,0.229145728643216,0.2381909547738693,0.178894472361809,0.3537688442211055,0.229951690821256,0.2454106280193236,0.1806763285024154,0.3439613526570048,0.0,0.1692490386790319,0.0480095001130965,0.5000565482922416,0.1753562542411219,0.0933612304908391,0.0139674281836688,23.31576966503576,35.79499596448749,,,0.1378351036924633,,0.0622154779969651,,,,0.1208129469326307,3.05,2.75,3.31,0.4896
Tetuán,Cuatro Caminos,0.2095509622238061,0.0033158158158158,0.0138888888888888,0.1157181144568816,0.4318801089918256,0.5681198910081744,0.1864904963188982,0.4423596517562294,0.5576403482437706,0.4505017554529621,0.5494982445470379,0.0999364166643629,0.1735272164321455,0.2519282337655157,0.2539186686202416,0.1443341718961656,0.2206894645177342,0.0763552926215685,305.2573839662448,0.1056589168716998,0.2085295656724228,0.2464678178963893,0.1792255363683935,0.3657770800627943,0.2062466343564889,0.2369413031771674,0.1949380721593968,0.3618739903069466,0.2106870229007633,0.255470737913486,0.1643765903307888,0.3694656488549618,0.0,0.1779145299145299,0.0517264957264957,0.4915555555555556,0.1737435897435897,0.0899829059829059,0.015076923076923,22.20698149651485,33.94680448758351,,,0.1489042329630741,,0.0728009606724707,,,,0.1225820899700473,3.01,2.77,3.21,0.4904
Tetuán,Valdeacederas,0.177257525083612,0.0035000853679358,0.0191224176199419,0.1308529087182721,0.4325301204819277,0.5674698795180723,0.267870633521603,0.454337899543379,0.545662100456621,0.4683385141978974,0.5316614858021026,0.1053403653382697,0.1874890852572386,0.2816527540078935,0.2789284342146624,0.1009395410568963,0.1465893611819356,0.0456498201250392,246.0976448341069,0.112919562711746,0.1840395917104856,0.259820600061862,0.1759975255180946,0.3801422827095577,0.1907151819322459,0.2452948557089084,0.1769134253450439,0.3870765370138017,0.1775472849298352,0.273947528981086,0.1751067724222086,0.37339841366687,0.0,0.3095087306613589,0.098706233601737,0.2752646340360083,0.2034289333212702,0.0789378449289785,0.0341536234506468,14.479458953881574,32.57142857142857,,,0.1293311845286059,,0.1459844211657265,,,,0.1991510180588531,3.89,3.5,4.25,0.3534
Usera,Almendrales,0.164726990592571,0.0040070713022981,0.0216853270477312,0.1029304029304029,0.4353499406880189,0.564650059311981,0.3196389016592134,0.5037918410041841,0.4962081589958159,0.4769753950790158,0.5230246049209842,0.126505301060212,0.1929585917183436,0.242248449689938,0.2940188037607521,0.092258451690338,0.1442688537707541,0.052010402080416,320.4076400461479,0.1359071814362872,0.1657344715925817,0.2781866352664115,0.1745657933470709,0.3815130997939358,0.1663663663663663,0.2768768768768769,0.1747747747747747,0.3819819819819819,0.1651270207852194,0.279445727482679,0.174364896073903,0.3810623556581986,0.0,0.3810816801507259,0.1437437659315083,0.1682367283608556,0.1983264989471351,0.0654438656766042,0.0431674609331707,14.824257115392651,37.46828305610375,0.2734048117154811,0.1157165271966527,,,,,,,0.2526434571822627,4.67,4.15,5.17,0.4089
Usera,Moscardó,0.1627873145184754,0.0021127436857773,0.0205512340343801,0.1078144078144078,0.4394110985277463,0.5605889014722537,0.3278082732393355,0.509248112071796,0.490751887928204,0.4766182117388919,0.523381788261108,0.1075150850246845,0.1812945693911135,0.2502057048820625,0.2858612177729018,0.113960504662644,0.1751234229292375,0.0611629182665935,320.9507042253521,0.1150918815139879,0.1730711945189157,0.2606493893357164,0.1784331248138218,0.387846291331546,0.1728028503562945,0.2553444180522565,0.1823040380047506,0.3895486935866983,0.173341303048416,0.2659892408846384,0.1745367603108188,0.3861326957561267,0.0,0.3874244920373421,0.1325279150649826,0.169641222771371,0.2097748489840747,0.0666758191469888,0.0339557019952407,17.848814264700607,35.517587939698494,0.2617927109554558,0.1138229178067199,,,,,,,0.2559824920173644,4.24,3.75,4.71,0.4264
Usera,Orcasitas,0.166084763844438,0.0037028465632955,0.0195556584124045,0.0938949938949939,0.447334200260078,0.552665799739922,0.1250425894378194,0.4673024523160763,0.5326975476839237,0.4710096072813079,0.5289903927186921,0.1265801449519636,0.1818220124726108,0.1730996123377718,0.3272374852519804,0.122872071464689,0.1912607449856733,0.0683886735209843,174.96313771748748,0.1443199056126748,0.1264233576642335,0.3439416058394161,0.134014598540146,0.3956204379562044,0.1208406304728546,0.3450087565674256,0.1389375364856976,0.3952130764740222,0.1320093457943925,0.3428738317757009,0.1290887850467289,0.3960280373831775,0.0,0.3833285591521054,0.1570323689487253,0.1139501575479805,0.2008593526210255,0.0594099112002291,0.0854196505299341,19.02308150924112,37.38526975598836,0.1209128065395095,0.1536103542234332,,,,,,,0.0831700877267694,4.81,4.42,5.18,0.5062
Usera,Orcasur,0.1069731354863737,0.003196164602477,0.0201757890531362,0.0788766788766788,0.434984520123839,0.565015479876161,0.2232996632996633,0.4782870928829915,0.5217129071170085,0.4827767898307317,0.5172232101692683,0.1352828821708489,0.1992359876177303,0.2149772772179411,0.3025093854969373,0.1023513139695712,0.1479944674965422,0.0456431535269709,109.44280256613568,0.1452940789040374,0.1514052583862194,0.2756119673617407,0.170444242973708,0.4025385312783318,0.1458137347130762,0.2812793979303857,0.1787394167450611,0.3941674506114769,0.1566054243219597,0.2703412073490813,0.1627296587926509,0.410323709536308,0.0,0.3890053787947853,0.1576260370134014,0.133740541526119,0.1660133102379433,0.0523292916400765,0.1012854407876743,14.416537606895158,31.52732368052312,0.2886007237635705,0.1100723763570566,,,,,,,0.1739950171705609,5.99,5.35,6.6,0.4138
Usera,Pradolongo,0.1270487828532635,0.0010910224438902,0.0229114713216957,0.0852258852258852,0.4312320916905444,0.5687679083094556,0.4185791779678698,0.5024299065420561,0.4975700934579439,0.4830316742081448,0.5169683257918553,0.1246311233523509,0.1981605351170568,0.2480326578792052,0.2834448160535117,0.0934487507377533,0.1457308675978752,0.0522821168601219,185.56174135256,0.1288609089120598,0.1637404580152671,0.2648854961832061,0.1740458015267175,0.3973282442748092,0.1743630573248407,0.2635350318471338,0.1727707006369426,0.3893312101910828,0.1539589442815249,0.2661290322580645,0.1752199413489736,0.4046920821114369,0.0,0.4423524578940161,0.1773243872381213,0.0945501848555388,0.1851293988771737,0.0456661645898945,0.0549774065452553,15.152305445441268,36.86746987951807,0.3515264797507788,0.1082866043613707,,,,,,,0.3476423951596077,4.72,4.14,5.29,0.4049
Usera,San Fermín,0.1729706139074774,0.0035971223021582,0.0258760733348804,0.1123321123321123,0.4152173913043478,0.5847826086956521,0.2336597307221542,0.4845468831849135,0.5154531168150864,0.4779765725288832,0.5220234274711169,0.1262836970474967,0.2085205391527599,0.1956033376123234,0.3221277278562259,0.100328947368421,0.1474646983311938,0.0471357509627727,168.95757082824997,0.1430921052631578,0.1401738155312587,0.3296888141295206,0.1623212783851976,0.367816091954023,0.1321937321937322,0.3401709401709402,0.1566951566951566,0.3709401709401709,0.1479028697571744,0.3195364238410596,0.1677704194260485,0.3647902869757174,0.0,0.3950775756222793,0.1461100569259962,0.1302042638687353,0.2040964393347472,0.0623953566246232,0.0621163076236187,14.541003671970625,31.3973063973064,0.2261218788196263,0.0939409813165706,,,,,,,0.1764993880048959,5.14,4.41,5.83,0.4103
Usera,Zofío,0.0994083987974008,0.0018758206715438,0.0206340273869818,0.0698412698412698,0.4248251748251748,0.5751748251748252,0.3203033076219113,0.4781632653061224,0.5218367346938776,0.4728295614371564,0.5271704385628436,0.1185909730213527,0.20042194092827,0.2259301879555044,0.2867280398925969,0.1127733026467203,0.1683288582022759,0.0555555555555555,202.09302325581396,0.1310574095384222,0.1556097560975609,0.2692682926829268,0.1668292682926829,0.4082926829268292,0.1442986881937437,0.2734611503531786,0.1634712411705348,0.4187689202825428,0.166194523135033,0.2653446647780925,0.1699716713881019,0.3984891406987724,0.0,0.4156325405032747,0.1501206480523957,0.1215098241985522,0.2119096863150637,0.0520510168907273,0.0487762840399862,16.90417047980128,33.91337973704563,0.1359183673469387,0.1344897959183673,,,,,,,0.2425153614851614,5.19,4.58,5.75,0.4347999999999999
Vicálvaro,Casco Histórico de Vicálvaro,0.3626670359343626,0.0028413126864611,0.0222332717715584,0.3943383805134957,0.4507512520868113,0.5492487479131887,0.2477510333090201,0.4911132918983753,0.5088867081016247,0.4805590584279109,0.5194409415720891,0.12494745691467,0.1810897435897435,0.2102248844052122,0.2916403951240017,0.1083701134930643,0.1920975199663724,0.0837274064733081,17.708963348252087,0.1376103404791929,0.1437571592210767,0.3081328751431844,0.1680030546009927,0.3801069110347461,0.1421339563862928,0.3014018691588785,0.1748442367601246,0.381619937694704,0.1453183520599251,0.3146067415730337,0.1614232209737827,0.3786516853932584,0.0,0.3944614508435965,0.1635224603118103,0.1193137324695664,0.1884744073467644,0.0541040791628105,0.0801238698654517,19.45540007563888,43.32129963898917,,,,,,,0.1955075782357431,0.1026060407807218,0.1488194932195148,6.98,6.35,7.61,0.5061
Vicálvaro,El Cañaveral,0.2688499619192688,0.0087994034302759,0.0283370618941088,0.0570550800965547,0.2846153846153846,0.7153846153846154,0.1444858073522568,0.4577294685990338,0.5422705314009661,0.5021868602270613,0.4978131397729388,0.2233854457472548,0.1227433463614368,0.4056393076493579,0.2127768471989577,0.0307091010608598,0.0354550530429927,0.0047459519821328,20.324749628817035,0.1806718779080588,0.333505021890291,0.1568374967808395,0.21375225341231,0.2959052279165594,0.3290666666666667,0.1557333333333333,0.2208,0.2944,0.3376494023904382,0.1578685258964143,0.2071713147410358,0.2973107569721115,0.0,0.2160689599089209,0.0165080914044075,0.3962755143530942,0.2490038220704236,0.1176709766609742,0.0044726356021793,3.146629442214855,13.67837338262477,,,,,,,0.1022544283413848,0.3119967793880837,0.0745652300354795,1.62,0.92,2.32,0.3465
Vicálvaro,Valdebernardo,0.1235892820051235,0.0030443839128344,0.0142605351706457,0.2045205178845731,0.3798283261802575,0.6201716738197425,0.1109478324761205,0.4808965868568517,0.5191034131431482,0.475445040972026,0.524554959027974,0.0846001695394179,0.2378072901949703,0.1407177168691721,0.366544221531506,0.1347838372421588,0.1703306018649336,0.0355467646227748,69.25364956361787,0.1008759536592257,0.1406162464985994,0.3495798319327731,0.1355742296918767,0.3742296918767507,0.1326530612244898,0.3560090702947845,0.1394557823129251,0.3718820861678004,0.1483942414174972,0.3433001107419712,0.1317829457364341,0.3765227021040974,0.0,0.268805891635981,0.0807845494852333,0.2546779890283309,0.2524986849026828,0.1046817464492372,0.0385511384985346,15.55982591985531,21.794406102433708,,,,,,,0.0606214977075904,0.2292409577177789,0.0752274910981744,7.15,5.64,8.54,0.345
Vicálvaro,Valderrivas,0.2448937201412448,0.0076407297676594,0.0336815842819273,0.1158657011191573,0.3409090909090909,0.6590909090909091,0.0515446608462055,0.4614549402823018,0.5385450597176982,0.4817039261483706,0.5182960738516295,0.1544322099877655,0.2142142142142142,0.1232343454565676,0.4276498720943165,0.0562785007229451,0.080469358247136,0.0241908575241908,279.57089552238807,0.1966966966966967,0.0805767599660729,0.4481198756007916,0.0927339553293751,0.3785694091037602,0.0801393728222996,0.4512195121951219,0.089430894308943,0.3792102206736353,0.08099173553719,0.4451790633608815,0.0958677685950413,0.3779614325068871,0.0,0.2301527039568041,0.0445456846368008,0.2983211001434236,0.2628870328186957,0.1506791529570572,0.0134143254872184,7.6001790911126035,28.8659793814433,,,,,,,0.1324647122692725,0.1313789359391965,0.0246809939556749,3.94,2.79,5.0,0.3772999999999999
Villa de Vallecas,Casco Histórico de Vallecas,0.2892554367858459,0.0029989790709545,0.0260336906584992,0.3379739879098736,0.432520325203252,0.567479674796748,0.2213938643292683,0.5019903173749327,0.4980096826250672,0.4836212030970816,0.5163787969029184,0.1368030421038163,0.1932010812296696,0.2130388967792184,0.291611307096715,0.1136207449489164,0.1653456727905804,0.0517249278416639,10.141267809477789,0.1438127090301003,0.1533928002548582,0.2879898056705957,0.1645428480407773,0.3940745460337687,0.1542009884678748,0.2925864909390445,0.1644151565074135,0.3887973640856672,0.15263644773358,0.2836879432624113,0.1646623496762257,0.3990132593277829,0.0,0.4101251971291558,0.1526825657365389,0.1038267194490038,0.1951337259824273,0.0505616169418428,0.0876701747610311,16.625381097560975,31.91977077363897,,,,,,,0.1296395911780527,0.1188811188811188,0.1505335365853658,6.12,5.35,6.89,0.4614999999999999
Villa de Vallecas,Ensanche de Vallecas,0.5834408403980833,0.0089510615329255,0.0434508816120906,0.3597728521707272,0.354887983706721,0.645112016293279,0.1548278010145056,0.4507414645361536,0.5492585354638464,0.4848841172460804,0.5151158827539196,0.2028629856850715,0.1518916155419223,0.2787150647580095,0.3049931833674165,0.0491308793456032,0.06153715064758,0.0124062713019768,92.53914935894404,0.2157975460122699,0.1452262497038616,0.2447287372660507,0.1734975914080391,0.4365474216220485,0.1479509519199741,0.2458857696030977,0.1786060019361084,0.4275572765408196,0.14261407579273,0.2436194895591647,0.168600154679041,0.4451662799690642,0.0,0.2620192919498104,0.0487134458272886,0.3035046193784836,0.2419383573846427,0.1254740271308951,0.0183502583288793,5.796920886357569,21.246545901136013,,,,,,,0.0606966317967582,0.3094608575698356,0.0962178517397882,4.6,3.38,5.74,0.3954
Villa de Vallecas,Santa Eugenia,0.1273037228160707,0.0032348501186111,0.0146646538710373,0.111192526103682,0.4217462932454695,0.5782537067545305,0.1242552135054617,0.4735264735264735,0.5264735264735265,0.4769898697539797,0.5230101302460203,0.1027496382054992,0.1488112466404796,0.1863551788298532,0.2926193921852388,0.2050857969816001,0.269464544138929,0.0643787471573289,116.26285934044805,0.1142443663427744,0.1534563879840753,0.2739775606225118,0.175533840028954,0.3970322113644589,0.1585735963581183,0.2761760242792109,0.1638846737481032,0.4013657056145675,0.1487889273356401,0.2719723183391003,0.186159169550173,0.3930795847750865,0.0,0.3212518044957723,0.0984223551247679,0.191379665910497,0.2513404825737265,0.091307486079604,0.046298205815632,25.75719960278053,23.550200803212853,,,,,,,0.3593073593073593,0.1222111222111222,0.0566865276398543,4.05,3.48,4.61,0.5921
Villaverde,Butarque,0.1769060248594727,0.0058412698412698,0.0369523809523809,0.0847384349329874,0.3788265306122449,0.6211734693877551,0.1761340782122905,0.476782542501903,0.5232174574980969,0.4832200326994235,0.5167799673005765,0.1699509508648137,0.1989932019619654,0.2177523448928663,0.3193787109543068,0.069830479304707,0.0939247913260476,0.0240943120213406,36.45517998588346,0.1922812150417348,0.1329156410830163,0.3293801745356903,0.1474602819422689,0.3902439024390244,0.1362799263351749,0.3273480662983425,0.1477900552486188,0.3885819521178637,0.129734436221158,0.3313016978667827,0.1471484545058772,0.391815411406182,0.0,0.3642176693201096,0.0859324024533472,0.1736265170298838,0.2480751663839227,0.0878246117708469,0.0403236330418896,9.291620111731843,25.15632515632516,,0.1471707688403958,,,,,,0.1347373763004313,0.1131173184357541,4.65,3.63,5.61,0.4136999999999999
Villaverde,Los Rosales,0.2075053439949331,0.0021643460067816,0.0172426231873602,0.1489407695633376,0.4259796806966618,0.5740203193033382,0.248196539373455,0.4934959349593495,0.5065040650406504,0.480154286425283,0.519845713574717,0.1157645887769068,0.2017668284185641,0.192434988179669,0.3168844096055742,0.1156899340549956,0.1731491850192858,0.0574592509642901,260.82300253131694,0.1304466840861017,0.1381152231972529,0.3141930560854635,0.1747424647081266,0.3729492560091568,0.1302652106084243,0.3108424336973479,0.1801872074882995,0.3787051482059282,0.145631067961165,0.3174010455563854,0.169529499626587,0.3674383868558626,0.0,0.392759243163736,0.1370929999331416,0.1265628133984087,0.2207996255933676,0.0609747944106438,0.061810523500702,17.08535108958838,33.03808680248007,,0.1335365853658536,,,,,,0.0799796747967479,0.1789497578692493,4.88,4.24,5.5,0.4349
Villaverde,San Cristóbal,0.1356187158578101,0.0028834024148495,0.0219859434132276,0.1010592304366623,0.4385026737967914,0.5614973262032086,0.4142463430146279,0.5250767656090072,0.4749232343909928,0.5060749071191887,0.4939250928808113,0.1702982227131238,0.2278341198915554,0.2461090470930816,0.2581082437995782,0.0620042172908926,0.0976503665026609,0.0356461492117682,184.0,0.1720052214077718,0.1856392294220665,0.2416812609457092,0.1830122591943958,0.3896672504378283,0.1812796208530805,0.2582938388625592,0.1889810426540284,0.3714454976303317,0.189873417721519,0.2255466052934407,0.1772151898734177,0.4073647871116225,0.0,0.4706734802837312,0.1618488292273663,0.0727633285027839,0.1853405537335062,0.0329494317748455,0.0764243764777667,9.952305246422894,38.76464323748669,,0.0905834186284544,,,,,,0.0640992835209826,0.3516163222045575,6.43,5.41,7.56,0.391
Villaverde,Villaverde Alto - Casco Histórico de Villaverde,0.2977198954952102,0.0030765724703737,0.02147903372835,0.2771292693471682,0.422776911076443,0.5772230889235569,0.2727887637767079,0.4962806301050175,0.5037193698949824,0.4805327081251441,0.5194672918748559,0.1366553924206318,0.197747713121685,0.2146782996387116,0.2937197324928895,0.100142209239757,0.1571988623260819,0.0570566530863248,56.23324976225469,0.144534553001768,0.1651376146788991,0.2813455657492354,0.1745778486903337,0.3789389708815317,0.1589189189189189,0.2786486486486486,0.1851351351351351,0.3772972972972973,0.1711593823606385,0.2839570792986129,0.1643548809212248,0.3805286574195237,0.0,0.4152808747279907,0.1485371947451844,0.1053918276334524,0.2031002337264594,0.0497541842409263,0.0779356849259866,15.84172203875383,36.55657415546904,,0.1269690781796966,,,,,,0.0859830805134189,0.1977678749055027,7.03,6.03,8.0,0.4452
Villaverde,Ángeles,0.1822500197925738,0.0023462495556345,0.0192676857447564,0.1246217034154777,0.419774501300954,0.5802254986990459,0.2400728399423803,0.480357749349032,0.5196422506509679,0.4679911115813978,0.5320088884186022,0.1162901433786572,0.1700703666472673,0.2272631077720755,0.2666525580657108,0.1279826464208243,0.219723824136289,0.0917411777154647,195.32888957784323,0.1217924977514417,0.1854908774978279,0.2736750651607298,0.1694178974804517,0.3714161598609904,0.1809995497523638,0.2714993246285457,0.1665916253939666,0.3809095002251238,0.1896768778850188,0.2757028955098615,0.1720520352496852,0.3625681913554343,0.0,0.3586772285447439,0.142758310560725,0.1533432495070739,0.2280604655989484,0.0660002075478224,0.0511605382406862,22.2841301334493,41.67581412367362,,0.1472885769274312,,,,,,0.1829503000113211,0.1712825809257195,4.63,4.01,5.21,0.5337
